seed,training_customers,calibration_customers,evaluation_customers,training_treatment_rate,evaluation_treatment_rate,min_propensity,max_propensity,propensity_clipped_fraction
42,14000,3000,3000,0.29992857142857143,0.29333333333333333,0.04340883137059979,0.8403564595273614,0.0006666666666666666
43,14000,3000,3000,0.30378571428571427,0.2896666666666667,0.051170388268542984,0.7891529969381476,0.0
44,14000,3000,3000,0.291,0.30666666666666664,0.047939655629499166,0.8219086494284352,0.0003333333333333333
45,14000,3000,3000,0.3072857142857143,0.28833333333333333,0.05107448645568897,0.7680293684219371,0.0
46,14000,3000,3000,0.29864285714285715,0.301,0.04542805591596785,0.7604484423873753,0.0006666666666666666
47,14000,3000,3000,0.30214285714285716,0.30133333333333334,0.038672132032244864,0.8032548149119868,0.001
48,14000,3000,3000,0.30114285714285716,0.3016666666666667,0.03757471697852933,0.7889338456497264,0.0013333333333333333
49,14000,3000,3000,0.29164285714285715,0.3016666666666667,0.04327737778654198,0.7629790427313757,0.001
50,14000,3000,3000,0.2992142857142857,0.2856666666666667,0.04795818326466591,0.7506569108675841,0.0003333333333333333
51,14000,3000,3000,0.2935714285714286,0.30633333333333335,0.03479060989151198,0.7851805283582847,0.0016666666666666668
