predicted,true,customers,rank,model
0.006524761177708657,0.02760094724491826,300,1,S-learner
0.02551534169588525,0.05680546680321632,300,2,S-learner
0.043052856417313365,0.0872987812523997,300,3,S-learner
0.05993637039398711,0.11220795011721059,300,4,S-learner
0.0746633985078099,0.1381344091569029,300,5,S-learner
0.08997675463494698,0.1664323328807399,300,6,S-learner
0.1063360433620722,0.19434967717856047,300,7,S-learner
0.1248794355880351,0.21284513145479617,300,8,S-learner
0.151624211185563,0.24126232495006694,300,9,S-learner
0.21949483749636214,0.30026467826284803,300,10,S-learner
-0.04419054639002781,0.05189158242655406,300,1,T-learner
0.003909197883424341,0.07320369825026898,300,2,T-learner
0.032658536828561305,0.0952572917547955,300,3,T-learner
0.05667500056934462,0.10759804544699221,300,4,T-learner
0.0781956326738371,0.14106995498998798,300,5,T-learner
0.0997850053875529,0.16329512987701628,300,6,T-learner
0.12182866873535302,0.18783009332151016,300,7,T-learner
0.14827206412934824,0.20715374831061606,300,8,T-learner
0.18120526996080477,0.23016395954594823,300,9,T-learner
0.24452457482371415,0.27973819537796973,300,10,T-learner
-0.02609309052122234,0.07128885813118571,300,1,DR-learner
0.03290359333764084,0.07405016702822338,300,2,DR-learner
0.06312571423200955,0.08527640492598763,300,3,DR-learner
0.09220558272021696,0.10522566533565211,300,4,DR-learner
0.12240354203801421,0.1276192170801904,300,5,DR-learner
0.1534080239559376,0.1438527064960713,300,6,DR-learner
0.18423306808628634,0.17353330620194565,300,7,DR-learner
0.22224231617493545,0.20823097425588552,300,8,DR-learner
0.2698602273738603,0.2474976544918733,300,9,DR-learner
0.356772378323651,0.30062674535464423,300,10,DR-learner
