scenario,model,metric,replicates,mean,std,mcse,median,minimum,maximum,q025,q975
Baseline,DR-learner,ate_error,5,0.007553671023921721,0.004216390441231583,0.0018856271292548301,0.006613445215910119,0.003400307607384051,0.014360531283811317,0.0035691024038438045,0.013755059699482338
Baseline,DR-learner,pehe,5,0.08212158010434725,0.0024225016683191865,0.00108337568119367,0.08098557753242867,0.07998739491700377,0.08507680488443495,0.08000625401547042,0.08500733812461132
Baseline,DR-learner,cate_mae,5,0.0641199602894142,0.0018026816182237402,0.0008061837280275213,0.06310307489578726,0.06256940746507533,0.06676138366628018,0.06260717388299374,0.06660713167721904
Baseline,DR-learner,cate_correlation,5,0.7488695558965596,0.02708432790721901,0.012112479665087264,0.7377271263399564,0.7160122367201193,0.7783361297649768,0.718079633098881,0.7780611254034799
Baseline,S-learner,ate_error,5,0.05645817668514956,0.010887696602839067,0.004869125944468337,0.05692643740648311,0.0388158510533705,0.06706867675919956,0.04053028088028316,0.06671378597169936
Baseline,S-learner,pehe,5,0.08355239624811191,0.00930895846975059,0.0041630927876169475,0.08473118299899805,0.06881469479689187,0.09161388931661255,0.07007374968747958,0.09157219742748011
Baseline,S-learner,cate_mae,5,0.06429978699583445,0.00805882943603105,0.003604018087608344,0.06561102858910144,0.05151939809118962,0.07230519342750082,0.052619654298531895,0.07202880955542754
Baseline,S-learner,cate_correlation,5,0.815013696509417,0.01806093613937809,0.008077096188986404,0.8182182386311576,0.7851293706924106,0.8334295913525497,0.788155787610096,0.832376406417465
Baseline,T-learner,ate_error,5,0.062178929966872756,0.006076646282992206,0.002717558832798399,0.06143382946997465,0.05472298855332265,0.07108043492473871,0.05518785475677817,0.07040096606210984
Baseline,T-learner,pehe,5,0.09443570812813523,0.0041268452480175966,0.001845581301437865,0.09407094350616446,0.08812906534891171,0.09889397854888737,0.08869875536506161,0.09873043946662882
Baseline,T-learner,cate_mae,5,0.07508093939582101,0.003981108743455754,0.0017804059552371675,0.07463336977192368,0.06979413741023946,0.08086510915759698,0.07022576413143031,0.08037876584355698
Baseline,T-learner,cate_correlation,5,0.7328560635820119,0.03173997693451534,0.014194549205970339,0.7501427634802268,0.6837207740518628,0.7584576493656356,0.6871555025204167,0.7580009916565654
Combined severe,DR-learner,ate_error,5,0.2430057709296299,0.007322502928693894,0.0032747228628001684,0.24309427103959014,0.23584136906885916,0.2537454539720423,0.23592136931201713,0.25294154748156
Combined severe,DR-learner,pehe,5,0.27376256490127815,0.008025508770172532,0.0035891166328253037,0.2714112787302887,0.26550976563695045,0.2841969369578207,0.2657307204940207,0.28377479615940643
Combined severe,DR-learner,cate_mae,5,0.24691300442694208,0.008316236308241446,0.0037191339404359534,0.24680112105295432,0.23875922383013198,0.2584073784992358,0.2388098026070129,0.25769986936465694
Combined severe,DR-learner,cate_correlation,5,0.6590033305742855,0.028797320946708133,0.012878553441343596,0.6468241851621908,0.6325428612974194,0.7011390373667808,0.6331605588529914,0.6986042068492925
Combined severe,S-learner,ate_error,5,0.14962547124427752,0.007910321735579564,0.0035376034249300042,0.14613926975343774,0.14156585786691173,0.1609400052449392,0.14190832342999093,0.1602951757062848
Combined severe,S-learner,pehe,5,0.1741882990610534,0.008342073846396776,0.003730688838773266,0.17185397616258466,0.16430272842871757,0.18414937850077334,0.16479836734346995,0.183872070114391
Combined severe,S-learner,cate_mae,5,0.15150461057458312,0.007783243639968457,0.0034807723728824736,0.14925576433418242,0.1429268897622868,0.16219267243154395,0.14329441176005436,0.16162796684888356
Combined severe,S-learner,cate_correlation,5,0.6284553189420037,0.03274399991680965,0.014643561933846767,0.6426572945753054,0.5830391193243722,0.6616048121307662,0.5853350350513784,0.6603420401262036
Combined severe,T-learner,ate_error,5,0.108473554232808,0.008926043770525662,0.003991848128206783,0.10614895634252354,0.09773945625293105,0.12127076576759738,0.09841199821446445,0.12041806088410995
Combined severe,T-learner,pehe,5,0.14327817252545585,0.009593250514482624,0.004290232055113596,0.14079616605263973,0.13098421174581332,0.1557057869667237,0.13181325614896455,0.155098212478529
Combined severe,T-learner,cate_mae,5,0.12067548384588293,0.007897670382173054,0.0035319455676851384,0.11797167936216021,0.1105431865183322,0.13079839977895458,0.11128363542546421,0.13033020759909064
Combined severe,T-learner,cate_correlation,5,0.5803533887821144,0.04677033724024301,0.020916330679954655,0.5694813286299214,0.5303684578378577,0.646466188992741,0.5321474320037547,0.6425488469887893
Moderate hidden,DR-learner,ate_error,5,0.08724059292489691,0.009020512562710787,0.004034095856422431,0.08831653484520144,0.07403402364519349,0.09921735390139616,0.07518275174027114,0.09820699327492889
Moderate hidden,DR-learner,pehe,5,0.11812996091101521,0.008467840709507105,0.003786933489819587,0.11985487928471815,0.10432102378729867,0.12579897843127627,0.10557198772435365,0.1256035065775421
Moderate hidden,DR-learner,cate_mae,5,0.09788869312887558,0.008036567090684026,0.0035940620641014397,0.09991159057512668,0.08585106985340853,0.10762801773795055,0.08679974551938327,0.10693671206062912
Moderate hidden,DR-learner,cate_correlation,5,0.7775421084408929,0.030523532725923796,0.013650538817721013,0.7877466666275154,0.7437510347209336,0.8051792899722124,0.7440046336145166,0.8051360136976952
Moderate hidden,S-learner,ate_error,5,0.05504532511032088,0.009686856754576222,0.004332094038307086,0.05573840445847919,0.04204002142923527,0.06914813156694502,0.04308930920701554,0.0678100352992412
Moderate hidden,S-learner,pehe,5,0.07944480814853516,0.005328725501461798,0.0023830784909410468,0.07875896787478635,0.07436183353961873,0.08807001433145739,0.07451754267238299,0.08727444291126685
Moderate hidden,S-learner,cate_mae,5,0.06560826140508971,0.004949768446184988,0.0022136037437106284,0.06447198866280071,0.061836582893917455,0.074230220697797,0.06194902356773664,0.0732613511418997
Moderate hidden,S-learner,cate_correlation,5,0.7926823279591004,0.03152538595202837,0.01409858120113047,0.8047900461383751,0.7365372391988008,0.8106249974710475,0.7431907209683605,0.8104012277332309
Moderate hidden,T-learner,ate_error,5,0.03890820289642692,0.00544586921947496,0.0024354667542639463,0.03888163837784962,0.03183996216667473,0.045330227029968195,0.032211639976069774,0.04509044899167307
Moderate hidden,T-learner,pehe,5,0.08116955206253314,0.004701563697577523,0.0021026032056657208,0.08104750506345348,0.07387654806290644,0.08579599904075037,0.07452252505374145,0.08569553815410523
Moderate hidden,T-learner,cate_mae,5,0.06410636037983743,0.0038971979509242497,0.0017428799080079023,0.06438514455128086,0.05787615652644791,0.06836552385898076,0.0584768526437996,0.06813115739933397
Moderate hidden,T-learner,cate_correlation,5,0.6776835926630189,0.0728046892396326,0.03255924684411319,0.7013569551364447,0.5607576639096207,0.7378281901776651,0.5703609597834125,0.7372138243042812
Moderate overlap,DR-learner,ate_error,5,0.017374355008938545,0.007216431224251821,0.00322728615447582,0.020622555737377646,0.006377045519437352,0.024825074658239382,0.007165673277876872,0.024420944794996024
Moderate overlap,DR-learner,pehe,5,0.0960184766209234,0.0032935215469001205,0.0014729076128457861,0.09552076406514366,0.09143765993926631,0.09996206117374402,0.09177983849245035,0.09979710030190525
Moderate overlap,DR-learner,cate_mae,5,0.07417837340255505,0.0034280142930278546,0.001533054597410233,0.07388858131472179,0.06930157748484475,0.0779533306342985,0.06965984879284166,0.07784440627227829
Moderate overlap,DR-learner,cate_correlation,5,0.7055698509793308,0.046326238064885734,0.020717723490984562,0.730925144390543,0.6347241552196724,0.7476624135687635,0.6395860017513701,0.7460156643299897
Moderate overlap,S-learner,ate_error,5,0.0880283255728402,0.006617557332119315,0.002959461607924188,0.08957808611552767,0.07696881988610167,0.09483157175264853,0.07815974118290275,0.09433692630296472
Moderate overlap,S-learner,pehe,5,0.10995141869548075,0.006794165414547747,0.00303844314346136,0.11284370675590166,0.09894396885157647,0.11649904591848761,0.0998884264649063,0.11615732402329518
Moderate overlap,S-learner,cate_mae,5,0.08963867692220465,0.006707237699396499,0.002999567887419974,0.09064266430011719,0.07851133924196636,0.09654897963679424,0.07967964459398671,0.09612368254011237
Moderate overlap,S-learner,cate_correlation,5,0.7900262109509503,0.019313298515588148,0.008637169670120176,0.7928195579453116,0.7593643688334446,0.8077753831872565,0.7619935738416482,0.8074493774558565
Moderate overlap,T-learner,ate_error,5,0.02283226472332817,0.009843524893740194,0.004402158160122893,0.024679607356848904,0.012562451346249032,0.03341387519558088,0.01257484246032382,0.033154390399119306
Moderate overlap,T-learner,pehe,5,0.07844204562806632,0.0035290579334363143,0.0015782426871397053,0.0791538855599125,0.07236647149968142,0.08131265310119824,0.07302624717797308,0.08122268676077256
Moderate overlap,T-learner,cate_mae,5,0.06108115079533598,0.00326338457076382,0.0014594299473903749,0.06302987208053414,0.05581969984799341,0.06330968918453429,0.056233257983662056,0.06330784143197468
Moderate overlap,T-learner,cate_correlation,5,0.7354726541871743,0.04638517941251904,0.020744082862983265,0.7444063531230095,0.6650023635961464,0.7846499951911189,0.6703590221991401,0.7826585566119584
Severe hidden,DR-learner,ate_error,5,0.30460026763698766,0.008508811667265168,0.0038052562591496474,0.30575672495756967,0.29147257638096835,0.31524266550552205,0.2927573866301053,0.31433926820182384
Severe hidden,DR-learner,pehe,5,0.32395428944066773,0.008110252031948236,0.0036270149716184103,0.3246982983962218,0.3121215174317699,0.33489215016775764,0.3131921622488917,0.3339260867114421
Severe hidden,DR-learner,cate_mae,5,0.30477127179613567,0.008581083429786704,0.0038375771739200225,0.30595264124017063,0.2915028800457123,0.315436548947065,0.2927927485875578,0.3145491663807148
Severe hidden,DR-learner,cate_correlation,5,0.6855762469831653,0.021856086163074964,0.009774338876545633,0.6861713412628764,0.6614054277005382,0.7157512512555464,0.6620892188302685,0.7138071136998942
Severe hidden,S-learner,ate_error,5,0.2883520788178518,0.006044875512963184,0.002703350512501918,0.290633875314549,0.2791139807444456,0.29409417258325665,0.27976756108763867,0.2939116134519941
Severe hidden,S-learner,pehe,5,0.29914410960495563,0.006013523194272003,0.0026893293293327744,0.3012920560436523,0.2906955641666665,0.305697373572122,0.29116944859205196,0.30538775079709146
Severe hidden,S-learner,cate_mae,5,0.2883520788178518,0.006044875512963165,0.0027033505125019096,0.290633875314549,0.27911398074444566,0.2940941725832566,0.2797675610876387,0.29391161345199407
Severe hidden,S-learner,cate_correlation,5,0.6968693523522284,0.017158933996933128,0.007673708567714928,0.7049753931103475,0.6687413357517464,0.7116491996477678,0.6711505148887927,0.7110990502958981
Severe hidden,T-learner,ate_error,5,0.015277757049597943,0.004473134743613427,0.002000446671847143,0.01705036877994806,0.00781538742905502,0.019065122002504348,0.008497795267807156,0.018940453924244503
Severe hidden,T-learner,pehe,5,0.07423107921268927,0.0016383126868917079,0.0007326757072580374,0.07334282124508659,0.07268396158030903,0.07641347188351998,0.07273387333709641,0.07632533091580276
Severe hidden,T-learner,cate_mae,5,0.059213796041656296,0.0010200436785029947,0.0004561774010303274,0.05895237181500338,0.058286953383708096,0.06057346688527293,0.058288267028129975,0.06051173002638265
Severe hidden,T-learner,cate_correlation,5,0.6206754393153815,0.03010593144370208,0.013463781846813247,0.6177516995390834,0.5811853795256297,0.6645319189989115,0.5842467029633839,0.6608896855600315
Severe overlap,DR-learner,ate_error,5,0.0429162252559084,0.013456728580912089,0.006018031972336742,0.04674949096862714,0.020349824656811677,0.05552498821666377,0.02257606078526605,0.05490695304460579
Severe overlap,DR-learner,pehe,5,0.11839334586515919,0.010224631850628012,0.004572594372582742,0.12183929811555076,0.10253849272853964,0.1284208693511408,0.10373543128693904,0.12804480149782982
Severe overlap,DR-learner,cate_mae,5,0.09142616263514855,0.006474039916918608,0.0028952786686554195,0.09444487108448524,0.08039852538813391,0.0958320067995404,0.08144661558643684,0.09580640437282836
Severe overlap,DR-learner,cate_correlation,5,0.6742648285856416,0.10205146990317919,0.04563880478145651,0.7095817220332026,0.5161270029794794,0.7830958070997911,0.5284802868872643,0.7770722032656526
Severe overlap,S-learner,ate_error,5,0.10836824172730845,0.009773776383548613,0.004370965678099351,0.10975282917427176,0.09249189405223515,0.11876949541462675,0.09404343908972751,0.11817451042998907
Severe overlap,S-learner,pehe,5,0.128705258579978,0.010262492050792249,0.0045895259688245385,0.13113615917292876,0.11236014955317133,0.13805714247165274,0.11372108967574525,0.13785175731681013
Severe overlap,S-learner,cate_mae,5,0.10886078704049558,0.009727964378517778,0.004350477926612449,0.11060151906151457,0.09300777072951637,0.11900676281412925,0.09453275422662866,0.11844911422238416
Severe overlap,S-learner,cate_correlation,5,0.7624671273616517,0.03738650590227699,0.01671975372773769,0.7798152798694142,0.699092256127591,0.7905546874041305,0.705054198024728,0.7899153924945336
Severe overlap,T-learner,ate_error,5,0.02303873871332022,0.012680731523424816,0.005670995538160471,0.019143524230950976,0.010832377417304417,0.040642711562978745,0.011061358376639286,0.03972372974115226
Severe overlap,T-learner,pehe,5,0.08315112683590595,0.005530921716284825,0.002473503387168535,0.08362768491796192,0.07395643514979754,0.08856600475830807,0.07492236020810761,0.08830838664453367
Severe overlap,T-learner,cate_mae,5,0.06566297582610868,0.004158765595168526,0.0018598565146568389,0.06736245296854686,0.05859543293475864,0.06922160348559818,0.05929161270079611,0.069057259051689
Severe overlap,T-learner,cate_correlation,5,0.7342093591543254,0.06262996276341214,0.028008970833454022,0.7663113001772163,0.6372092321882058,0.7911813194748842,0.6441644791969587,0.7890215116929543
