policy,evaluation_customers,treated_count,treatment_rate,dr_retention_rate,dr_profit_per_customer,standard_error_per_customer,confidence_level,ci_lower_per_customer,ci_upper_per_customer,dr_incremental_profit,ci_lower_profit,ci_upper_profit,propensity_clipped_fraction,maximum_observed_inverse_weight,observed_weight_ess,propensity_clip
S-learner,3000,563,0.18766666666666668,0.6764470348586848,1.5174675373504123,0.6184621089383432,0.95,0.3053040780285725,2.729630996672252,4552.402612051237,915.9122340857175,8188.892990016756,0.0,14.453323976705772,2067.4222410159477,0.01
T-learner,3000,568,0.18933333333333333,0.6760792699214105,1.4713796757018056,0.6298555664212293,0.95,0.23688545005412065,2.7058739013494906,4414.139027105417,710.656350162362,8117.621704048472,0.0,14.453323976705772,2067.4222410159477,0.01
DR-learner,3000,579,0.193,0.6789726292393731,1.6661817544721438,0.6349360110774972,0.95,0.42173004027272487,2.9106334686715627,4998.545263416431,1265.1901208181746,8731.900406014687,0.0,14.453323976705772,2067.4222410159477,0.01
S-learner,3000,563,0.18766666666666668,0.6764470348586848,1.5174675373504123,0.6184621089383432,0.95,0.3053040780285725,2.729630996672252,4552.402612051237,915.9122340857175,8188.892990016756,0.0,14.453323976705772,2067.4222410159477,0.025
T-learner,3000,568,0.18933333333333333,0.6760792699214105,1.4713796757018056,0.6298555664212293,0.95,0.23688545005412065,2.7058739013494906,4414.139027105417,710.656350162362,8117.621704048472,0.0,14.453323976705772,2067.4222410159477,0.025
DR-learner,3000,579,0.193,0.6789726292393731,1.6661817544721438,0.6349360110774972,0.95,0.42173004027272487,2.9106334686715627,4998.545263416431,1265.1901208181746,8731.900406014687,0.0,14.453323976705772,2067.4222410159477,0.025
S-learner,3000,563,0.18766666666666668,0.6764474947047802,1.5174675373504123,0.6184621089383432,0.95,0.3053040780285725,2.729630996672252,4552.402612051237,915.9122340857175,8188.892990016756,0.0006666666666666666,14.453323976705772,2067.42601356706,0.05
T-learner,3000,568,0.18933333333333333,0.6760797297675057,1.4713796757018056,0.6298555664212293,0.95,0.23688545005412065,2.7058739013494906,4414.139027105417,710.656350162362,8117.621704048472,0.0006666666666666666,14.453323976705772,2067.42601356706,0.05
DR-learner,3000,579,0.193,0.6789730890854684,1.6661817544721438,0.6349360110774972,0.95,0.42173004027272487,2.9106334686715627,4998.545263416431,1265.1901208181746,8731.900406014687,0.0006666666666666666,14.453323976705772,2067.42601356706,0.05
S-learner,3000,563,0.18766666666666668,0.6764560698166971,1.5174675373504123,0.6184621089383432,0.95,0.3053040780285725,2.729630996672252,4552.402612051237,915.9122340857175,8188.892990016756,0.03,10.0,2104.1918602477544,0.1
T-learner,3000,568,0.18933333333333333,0.676088304879423,1.4713796757018056,0.6298555664212293,0.95,0.23688545005412065,2.7058739013494906,4414.139027105417,710.656350162362,8117.621704048472,0.03,10.0,2104.1918602477544,0.1
DR-learner,3000,579,0.193,0.6789816641973854,1.6661817544721438,0.6349360110774972,0.95,0.42173004027272487,2.9106334686715627,4998.545263416431,1265.1901208181746,8731.900406014687,0.03,10.0,2104.1918602477544,0.1
