retention_value,treatment_cost,capacity,comparison,metric,replicates,mean,std,mcse,median,minimum,maximum,q025,q975
40.0,5.0,0.1,DR-learner minus S-learner,profit_difference,10,-34.8124354854976,75.20106206219256,23.780663858020738,-26.81979641168573,-157.16095075683324,78.53370408816772,-156.241079764909,67.20536266269401
40.0,5.0,0.1,DR-learner minus S-learner,left_wins,10,0.4,0.5163977794943223,0.16329931618554522,0.0,0.0,1.0,0.0,1.0
40.0,5.0,0.1,DR-learner minus S-learner,tie,10,0.0,0.0,0.0,0.0,0.0,0.0,0.0,0.0
40.0,5.0,0.1,DR-learner minus T-learner,profit_difference,10,91.22428493545326,63.54358190716617,20.09424495121112,83.80378709000775,-29.01170730634567,183.08367784142456,-10.605293420430222,180.2791266135008
40.0,5.0,0.1,DR-learner minus T-learner,left_wins,10,0.9,0.31622776601683794,0.09999999999999999,1.0,0.0,1.0,0.225,1.0
40.0,5.0,0.1,DR-learner minus T-learner,tie,10,0.0,0.0,0.0,0.0,0.0,0.0,0.0,0.0
40.0,5.0,0.1,S-learner minus T-learner,profit_difference,10,126.03672042095086,95.63581599015652,30.24270044176458,136.54248832070925,-40.80957187994045,241.59740909957054,-36.53271358748524,239.18583084037837
40.0,5.0,0.1,S-learner minus T-learner,left_wins,10,0.8,0.42163702135578396,0.13333333333333333,1.0,0.0,1.0,0.0,1.0
40.0,5.0,0.1,S-learner minus T-learner,tie,10,0.0,0.0,0.0,0.0,0.0,0.0,0.0,0.0
40.0,5.0,0.2,DR-learner minus S-learner,profit_difference,10,-66.60036406528488,127.20187567429707,40.22476497763452,-121.54159092530335,-202.21627018174604,173.92436383935456,-200.52360131375565,154.482650366246
40.0,5.0,0.2,DR-learner minus S-learner,left_wins,10,0.3,0.4830458915396479,0.15275252316519464,0.0,0.0,1.0,0.0,1.0
40.0,5.0,0.2,DR-learner minus S-learner,tie,10,0.0,0.0,0.0,0.0,0.0,0.0,0.0,0.0
40.0,5.0,0.2,DR-learner minus T-learner,profit_difference,10,161.85414724396077,156.4551215678632,49.47545357529817,101.5527365958319,-23.654381506657955,503.25199633419925,-7.140581967670322,452.4629491946767
40.0,5.0,0.2,DR-learner minus T-learner,left_wins,10,0.9,0.31622776601683794,0.09999999999999999,1.0,0.0,1.0,0.225,1.0
40.0,5.0,0.2,DR-learner minus T-learner,tie,10,0.0,0.0,0.0,0.0,0.0,0.0,0.0,0.0
40.0,5.0,0.2,S-learner minus T-learner,profit_difference,10,228.45451130924567,127.8323999418638,40.42415425818655,233.11833417835624,-31.57746583351218,395.8320328681748,-1.2656900502468496,388.3966934923514
40.0,5.0,0.2,S-learner minus T-learner,left_wins,10,0.9,0.31622776601683794,0.09999999999999999,1.0,0.0,1.0,0.225,1.0
40.0,5.0,0.2,S-learner minus T-learner,tie,10,0.0,0.0,0.0,0.0,0.0,0.0,0.0,0.0
40.0,5.0,0.3,DR-learner minus S-learner,profit_difference,10,-44.956054011779635,216.1834592429299,68.36321236618384,-163.52071493511448,-257.0588761381223,453.75851232978493,-238.799270234777,376.57643985448584
40.0,5.0,0.3,DR-learner minus S-learner,left_wins,10,0.3,0.4830458915396479,0.15275252316519464,0.0,0.0,1.0,0.0,1.0
40.0,5.0,0.3,DR-learner minus S-learner,tie,10,0.0,0.0,0.0,0.0,0.0,0.0,0.0,0.0
40.0,5.0,0.3,DR-learner minus T-learner,profit_difference,10,205.42243052796704,128.2966138173372,40.57095157498152,182.95511034685387,-27.930316336918622,475.70501324229645,10.097581512464195,429.3200544210855
40.0,5.0,0.3,DR-learner minus T-learner,left_wins,10,0.9,0.31622776601683794,0.09999999999999999,1.0,0.0,1.0,0.225,1.0
40.0,5.0,0.3,DR-learner minus T-learner,tie,10,0.0,0.0,0.0,0.0,0.0,0.0,0.0,0.0
40.0,5.0,0.3,S-learner minus T-learner,profit_difference,10,250.37848453974667,151.33785666957897,47.85723232839737,237.50957490191013,21.94650091251151,442.9720840021946,39.151767097882455,439.24182766189745
40.0,5.0,0.3,S-learner minus T-learner,left_wins,10,1.0,0.0,0.0,1.0,1.0,1.0,1.0,1.0
40.0,5.0,0.3,S-learner minus T-learner,tie,10,0.0,0.0,0.0,0.0,0.0,0.0,0.0,0.0
40.0,10.0,0.1,DR-learner minus S-learner,profit_difference,10,320.67709768322874,128.1442788367185,40.52277902437426,297.42735300102436,153.33202834772374,560.4931733508795,166.23398644844033,543.9167340908207
40.0,10.0,0.1,DR-learner minus S-learner,left_wins,10,1.0,0.0,0.0,1.0,1.0,1.0,1.0,1.0
40.0,10.0,0.1,DR-learner minus S-learner,tie,10,0.0,0.0,0.0,0.0,0.0,0.0,0.0,0.0
40.0,10.0,0.1,DR-learner minus T-learner,profit_difference,10,242.7386839690286,66.71691535074767,21.097741096901416,218.52911452351486,167.9439378428783,359.1665957827124,170.8896712781444,354.37708747764333
40.0,10.0,0.1,DR-learner minus T-learner,left_wins,10,1.0,0.0,0.0,1.0,1.0,1.0,1.0,1.0
40.0,10.0,0.1,DR-learner minus T-learner,tie,10,0.0,0.0,0.0,0.0,0.0,0.0,0.0,0.0
40.0,10.0,0.1,S-learner minus T-learner,profit_difference,10,-77.93841371420004,83.84615370528026,26.514481875325192,-77.1405404009696,-201.32657756816707,53.20422568698427,-201.09727467546588,44.520954543822604
40.0,10.0,0.1,S-learner minus T-learner,left_wins,10,0.2,0.42163702135578396,0.13333333333333333,0.0,0.0,1.0,0.0,1.0
40.0,10.0,0.1,S-learner minus T-learner,tie,10,0.0,0.0,0.0,0.0,0.0,0.0,0.0,0.0
40.0,10.0,0.2,DR-learner minus S-learner,profit_difference,10,353.57756797650575,178.57776197854986,56.47124673076344,319.81887203338283,117.69173328382271,679.6857832284793,140.45286184405222,667.9730481924876
40.0,10.0,0.2,DR-learner minus S-learner,left_wins,10,1.0,0.0,0.0,1.0,1.0,1.0,1.0,1.0
40.0,10.0,0.2,DR-learner minus S-learner,tie,10,0.0,0.0,0.0,0.0,0.0,0.0,0.0,0.0
40.0,10.0,0.2,DR-learner minus T-learner,profit_difference,10,275.6391542623056,119.82082226891431,37.890670948399354,230.58392623226382,75.0143141797812,478.3592056603122,102.69273502663916,466.8757735170217
40.0,10.0,0.2,DR-learner minus T-learner,left_wins,10,1.0,0.0,0.0,1.0,1.0,1.0,1.0,1.0
40.0,10.0,0.2,DR-learner minus T-learner,tie,10,0.0,0.0,0.0,0.0,0.0,0.0,0.0,0.0
40.0,10.0,0.2,S-learner minus T-learner,profit_difference,10,-77.93841371420004,83.84615370528026,26.514481875325192,-77.1405404009696,-201.32657756816707,53.20422568698427,-201.09727467546588,44.520954543822604
40.0,10.0,0.2,S-learner minus T-learner,left_wins,10,0.2,0.42163702135578396,0.13333333333333333,0.0,0.0,1.0,0.0,1.0
40.0,10.0,0.2,S-learner minus T-learner,tie,10,0.0,0.0,0.0,0.0,0.0,0.0,0.0,0.0
40.0,10.0,0.3,DR-learner minus S-learner,profit_difference,10,270.1609977387985,225.04942616379273,71.16687727914749,238.20935520005003,-25.12961795706815,671.8199386930271,-17.727004843852644,644.4740239503541
40.0,10.0,0.3,DR-learner minus S-learner,left_wins,10,0.9,0.31622776601683794,0.09999999999999999,1.0,0.0,1.0,0.225,1.0
40.0,10.0,0.3,DR-learner minus S-learner,tie,10,0.0,0.0,0.0,0.0,0.0,0.0,0.0,0.0
40.0,10.0,0.3,DR-learner minus T-learner,profit_difference,10,192.22258402459846,161.65601316539255,51.120119906480625,175.81848278175494,-34.90653433570742,470.49336112486003,-29.419048514103803,444.01741047665496
40.0,10.0,0.3,DR-learner minus T-learner,left_wins,10,0.8,0.4216370213557839,0.13333333333333333,1.0,0.0,1.0,0.0,1.0
40.0,10.0,0.3,DR-learner minus T-learner,tie,10,0.0,0.0,0.0,0.0,0.0,0.0,0.0,0.0
40.0,10.0,0.3,S-learner minus T-learner,profit_difference,10,-77.93841371420004,83.84615370528026,26.514481875325192,-77.1405404009696,-201.32657756816707,53.20422568698427,-201.09727467546588,44.520954543822604
40.0,10.0,0.3,S-learner minus T-learner,left_wins,10,0.2,0.42163702135578396,0.13333333333333333,0.0,0.0,1.0,0.0,1.0
40.0,10.0,0.3,S-learner minus T-learner,tie,10,0.0,0.0,0.0,0.0,0.0,0.0,0.0,0.0
40.0,20.0,0.1,DR-learner minus S-learner,profit_difference,10,-24.40287896001354,22.92390466768198,7.249175161444036,-19.668527682514195,-68.46053896658367,0.0,-62.9954241124411,0.0
40.0,20.0,0.1,DR-learner minus S-learner,left_wins,10,0.0,0.0,0.0,0.0,0.0,0.0,0.0,0.0
40.0,20.0,0.1,DR-learner minus S-learner,tie,10,0.2,0.42163702135578396,0.13333333333333333,0.0,0.0,1.0,0.0,1.0
40.0,20.0,0.1,DR-learner minus T-learner,profit_difference,10,-24.40287896001354,22.92390466768198,7.249175161444036,-19.668527682514195,-68.46053896658367,0.0,-62.9954241124411,0.0
40.0,20.0,0.1,DR-learner minus T-learner,left_wins,10,0.0,0.0,0.0,0.0,0.0,0.0,0.0,0.0
40.0,20.0,0.1,DR-learner minus T-learner,tie,10,0.2,0.42163702135578396,0.13333333333333333,0.0,0.0,1.0,0.0,1.0
40.0,20.0,0.1,S-learner minus T-learner,profit_difference,10,0.0,0.0,0.0,0.0,0.0,0.0,0.0,0.0
40.0,20.0,0.1,S-learner minus T-learner,left_wins,10,0.0,0.0,0.0,0.0,0.0,0.0,0.0,0.0
40.0,20.0,0.1,S-learner minus T-learner,tie,10,1.0,0.0,0.0,1.0,1.0,1.0,1.0,1.0
40.0,20.0,0.2,DR-learner minus S-learner,profit_difference,10,-24.40287896001354,22.92390466768198,7.249175161444036,-19.668527682514195,-68.46053896658367,0.0,-62.9954241124411,0.0
40.0,20.0,0.2,DR-learner minus S-learner,left_wins,10,0.0,0.0,0.0,0.0,0.0,0.0,0.0,0.0
40.0,20.0,0.2,DR-learner minus S-learner,tie,10,0.2,0.42163702135578396,0.13333333333333333,0.0,0.0,1.0,0.0,1.0
40.0,20.0,0.2,DR-learner minus T-learner,profit_difference,10,-24.40287896001354,22.92390466768198,7.249175161444036,-19.668527682514195,-68.46053896658367,0.0,-62.9954241124411,0.0
40.0,20.0,0.2,DR-learner minus T-learner,left_wins,10,0.0,0.0,0.0,0.0,0.0,0.0,0.0,0.0
40.0,20.0,0.2,DR-learner minus T-learner,tie,10,0.2,0.42163702135578396,0.13333333333333333,0.0,0.0,1.0,0.0,1.0
40.0,20.0,0.2,S-learner minus T-learner,profit_difference,10,0.0,0.0,0.0,0.0,0.0,0.0,0.0,0.0
40.0,20.0,0.2,S-learner minus T-learner,left_wins,10,0.0,0.0,0.0,0.0,0.0,0.0,0.0,0.0
40.0,20.0,0.2,S-learner minus T-learner,tie,10,1.0,0.0,0.0,1.0,1.0,1.0,1.0,1.0
40.0,20.0,0.3,DR-learner minus S-learner,profit_difference,10,-24.40287896001354,22.92390466768198,7.249175161444036,-19.668527682514195,-68.46053896658367,0.0,-62.9954241124411,0.0
40.0,20.0,0.3,DR-learner minus S-learner,left_wins,10,0.0,0.0,0.0,0.0,0.0,0.0,0.0,0.0
40.0,20.0,0.3,DR-learner minus S-learner,tie,10,0.2,0.42163702135578396,0.13333333333333333,0.0,0.0,1.0,0.0,1.0
40.0,20.0,0.3,DR-learner minus T-learner,profit_difference,10,-24.40287896001354,22.92390466768198,7.249175161444036,-19.668527682514195,-68.46053896658367,0.0,-62.9954241124411,0.0
40.0,20.0,0.3,DR-learner minus T-learner,left_wins,10,0.0,0.0,0.0,0.0,0.0,0.0,0.0,0.0
40.0,20.0,0.3,DR-learner minus T-learner,tie,10,0.2,0.42163702135578396,0.13333333333333333,0.0,0.0,1.0,0.0,1.0
40.0,20.0,0.3,S-learner minus T-learner,profit_difference,10,0.0,0.0,0.0,0.0,0.0,0.0,0.0,0.0
40.0,20.0,0.3,S-learner minus T-learner,left_wins,10,0.0,0.0,0.0,0.0,0.0,0.0,0.0,0.0
40.0,20.0,0.3,S-learner minus T-learner,tie,10,1.0,0.0,0.0,1.0,1.0,1.0,1.0,1.0
80.0,5.0,0.1,DR-learner minus S-learner,profit_difference,10,-73.1248709709952,204.16490737559857,64.56261255842017,-47.18022739479784,-441.14527047433967,222.06740817633545,-428.3600124581882,190.41072532538803
80.0,5.0,0.1,DR-learner minus S-learner,left_wins,10,0.4,0.5163977794943223,0.16329931618554522,0.0,0.0,1.0,0.0,1.0
80.0,5.0,0.1,DR-learner minus S-learner,tie,10,0.0,0.0,0.0,0.0,0.0,0.0,0.0,0.0
80.0,5.0,0.1,DR-learner minus T-learner,profit_difference,10,165.9485698709065,154.87865172212747,48.97693003778826,148.2656782139302,-103.02341461269134,456.1673556828491,-71.83558684086044,422.39034753645683
80.0,5.0,0.1,DR-learner minus T-learner,left_wins,10,0.9,0.31622776601683794,0.09999999999999999,1.0,0.0,1.0,0.225,1.0
80.0,5.0,0.1,DR-learner minus T-learner,tie,10,0.0,0.0,0.0,0.0,0.0,0.0,0.0,0.0
80.0,5.0,0.1,S-learner minus T-learner,profit_difference,10,239.07344084190171,229.8878906805754,72.69693410424141,246.80324279876504,-171.6191437598809,523.1948181991411,-154.06542717497047,521.7466616807567
80.0,5.0,0.1,S-learner minus T-learner,left_wins,10,0.8,0.42163702135578396,0.13333333333333333,1.0,0.0,1.0,0.0,1.0
80.0,5.0,0.1,S-learner minus T-learner,tie,10,0.0,0.0,0.0,0.0,0.0,0.0,0.0,0.0
80.0,5.0,0.2,DR-learner minus S-learner,profit_difference,10,-138.70072813056976,326.5071594956191,103.25062963580301,-243.0831818506067,-569.3865948702442,427.8487276787091,-541.2719326062249,405.8403007324919
80.0,5.0,0.2,DR-learner minus S-learner,left_wins,10,0.3,0.4830458915396479,0.15275252316519464,0.0,0.0,1.0,0.0,1.0
80.0,5.0,0.2,DR-learner minus S-learner,tie,10,0.0,0.0,0.0,0.0,0.0,0.0,0.0,0.0
80.0,5.0,0.2,DR-learner minus T-learner,profit_difference,10,294.20829448792153,356.3468052296812,112.68675414501934,172.11340870311687,-87.30876301331591,1061.5039926683985,-80.19162069986882,947.5508983893535
80.0,5.0,0.2,DR-learner minus T-learner,left_wins,10,0.8,0.4216370213557839,0.13333333333333333,1.0,0.0,1.0,0.0,1.0
80.0,5.0,0.2,DR-learner minus T-learner,tie,10,0.0,0.0,0.0,0.0,0.0,0.0,0.0,0.0
80.0,5.0,0.2,S-learner minus T-learner,profit_difference,10,432.90902261849135,307.0186301729439,97.0878155451398,488.9189663638963,-288.15493166702436,791.6640657363496,-176.9063801004937,776.7933869847028
80.0,5.0,0.2,S-learner minus T-learner,left_wins,10,0.9,0.31622776601683794,0.09999999999999999,1.0,0.0,1.0,0.225,1.0
80.0,5.0,0.2,S-learner minus T-learner,tie,10,0.0,0.0,0.0,0.0,0.0,0.0,0.0,0.0
80.0,5.0,0.3,DR-learner minus S-learner,profit_difference,10,-175.99598321865815,337.56005455477407,106.74586194837813,-325.9632609129076,-679.1177522762446,540.7468045732894,-605.473540469554,439.7273117049727
80.0,5.0,0.3,DR-learner minus S-learner,left_wins,10,0.3,0.4830458915396479,0.15275252316519464,0.0,0.0,1.0,0.0,1.0
80.0,5.0,0.3,DR-learner minus S-learner,tie,10,0.0,0.0,0.0,0.0,0.0,0.0,0.0,0.0
80.0,5.0,0.3,DR-learner minus T-learner,profit_difference,10,429.3448610559341,281.1368431796286,88.90327586372005,453.0053353385829,-55.860632673837245,1036.410026484593,9.321127013660316,924.515108842171
80.0,5.0,0.3,DR-learner minus T-learner,left_wins,10,0.9,0.31622776601683794,0.09999999999999999,1.0,0.0,1.0,0.225,1.0
80.0,5.0,0.3,DR-learner minus T-learner,tie,10,0.0,0.0,0.0,0.0,0.0,0.0,0.0,0.0
80.0,5.0,0.3,S-learner minus T-learner,profit_difference,10,605.3408442745922,321.0628218767088,101.52897891313359,663.7634063332462,-28.171298749457492,944.6387457704895,44.75588357302149,937.5096395701686
80.0,5.0,0.3,S-learner minus T-learner,left_wins,10,0.9,0.31622776601683794,0.09999999999999999,1.0,0.0,1.0,0.225,1.0
80.0,5.0,0.3,S-learner minus T-learner,tie,10,0.0,0.0,0.0,0.0,0.0,0.0,0.0,0.0
80.0,10.0,0.1,DR-learner minus S-learner,profit_difference,10,-69.6248709709952,150.40212412438513,47.561327716041475,-53.63959282337146,-314.3219015136665,157.06740817633545,-312.482159529818,134.41072532538803
80.0,10.0,0.1,DR-learner minus S-learner,left_wins,10,0.4,0.5163977794943223,0.16329931618554522,0.0,0.0,1.0,0.0,1.0
80.0,10.0,0.1,DR-learner minus S-learner,tie,10,0.0,0.0,0.0,0.0,0.0,0.0,0.0,0.0
80.0,10.0,0.1,DR-learner minus T-learner,profit_difference,10,182.4485698709065,127.08716381433234,40.18848990242224,167.6075741800155,-58.02341461269134,366.1673556828491,-21.210586840860444,360.5582532270016
80.0,10.0,0.1,DR-learner minus T-learner,left_wins,10,0.9,0.31622776601683794,0.09999999999999999,1.0,0.0,1.0,0.225,1.0
80.0,10.0,0.1,DR-learner minus T-learner,tie,10,0.0,0.0,0.0,0.0,0.0,0.0,0.0,0.0
80.0,10.0,0.1,S-learner minus T-learner,profit_difference,10,252.07344084190171,191.27163198031303,60.48540088352916,273.0849766414185,-81.6191437598809,483.1948181991411,-73.06542717497048,478.37166168075674
80.0,10.0,0.1,S-learner minus T-learner,left_wins,10,0.8,0.42163702135578396,0.13333333333333333,1.0,0.0,1.0,0.0,1.0
80.0,10.0,0.1,S-learner minus T-learner,tie,10,0.0,0.0,0.0,0.0,0.0,0.0,0.0,0.0
80.0,10.0,0.2,DR-learner minus S-learner,profit_difference,10,-133.20072813056976,254.40375134859414,80.44952995526904,-243.0831818506067,-404.4325403634921,347.8487276787091,-401.0472026275113,308.965300732492
80.0,10.0,0.2,DR-learner minus S-learner,left_wins,10,0.3,0.4830458915396479,0.15275252316519464,0.0,0.0,1.0,0.0,1.0
80.0,10.0,0.2,DR-learner minus S-learner,tie,10,0.0,0.0,0.0,0.0,0.0,0.0,0.0,0.0
80.0,10.0,0.2,DR-learner minus T-learner,profit_difference,10,323.70829448792153,312.9102431357264,98.95090715059634,203.1054731916638,-47.30876301331591,1006.5039926683985,-14.281163935340643,904.9258983893534
80.0,10.0,0.2,DR-learner minus T-learner,left_wins,10,0.9,0.31622776601683794,0.09999999999999999,1.0,0.0,1.0,0.225,1.0
80.0,10.0,0.2,DR-learner minus T-learner,tie,10,0.0,0.0,0.0,0.0,0.0,0.0,0.0,0.0
80.0,10.0,0.2,S-learner minus T-learner,profit_difference,10,456.90902261849135,255.6647998837276,80.8483085163731,466.23666835671247,-63.15493166702436,791.6640657363496,-2.531380100493699,776.7933869847028
80.0,10.0,0.2,S-learner minus T-learner,left_wins,10,0.9,0.31622776601683794,0.09999999999999999,1.0,0.0,1.0,0.225,1.0
80.0,10.0,0.2,S-learner minus T-learner,tie,10,0.0,0.0,0.0,0.0,0.0,0.0,0.0,0.0
80.0,10.0,0.3,DR-learner minus S-learner,profit_difference,10,-89.91210802355927,432.3669184858598,136.7264247323677,-327.04142987022897,-514.1177522762446,907.5170246595699,-477.598540469554,753.1528797089717
80.0,10.0,0.3,DR-learner minus S-learner,left_wins,10,0.3,0.4830458915396479,0.15275252316519464,0.0,0.0,1.0,0.0,1.0
80.0,10.0,0.3,DR-learner minus S-learner,tie,10,0.0,0.0,0.0,0.0,0.0,0.0,0.0,0.0
80.0,10.0,0.3,DR-learner minus T-learner,profit_difference,10,410.8448610559341,256.5932276346744,81.14190314996304,365.91022069370774,-55.860632673837245,951.4100264845929,20.19516302492839,858.640108842171
80.0,10.0,0.3,DR-learner minus T-learner,left_wins,10,0.9,0.31622776601683794,0.09999999999999999,1.0,0.0,1.0,0.225,1.0
80.0,10.0,0.3,DR-learner minus T-learner,tie,10,0.0,0.0,0.0,0.0,0.0,0.0,0.0,0.0
80.0,10.0,0.3,S-learner minus T-learner,profit_difference,10,500.75696907949333,302.67571333915794,95.71446465679475,475.01914980382026,43.89300182502302,885.9441680043892,78.30353419576491,878.4836553237949
80.0,10.0,0.3,S-learner minus T-learner,left_wins,10,1.0,0.0,0.0,1.0,1.0,1.0,1.0,1.0
80.0,10.0,0.3,S-learner minus T-learner,tie,10,0.0,0.0,0.0,0.0,0.0,0.0,0.0,0.0
80.0,20.0,0.1,DR-learner minus S-learner,profit_difference,10,641.3541953664575,256.288557673437,81.04555804874852,594.8547060020487,306.66405669544747,1120.986346701759,332.46797289688067,1087.8334681816414
80.0,20.0,0.1,DR-learner minus S-learner,left_wins,10,1.0,0.0,0.0,1.0,1.0,1.0,1.0,1.0
80.0,20.0,0.1,DR-learner minus S-learner,tie,10,0.0,0.0,0.0,0.0,0.0,0.0,0.0,0.0
80.0,20.0,0.1,DR-learner minus T-learner,profit_difference,10,485.4773679380572,133.43383070149534,42.19548219380283,437.0582290470297,335.8878756857566,718.3331915654248,341.7793425562888,708.7541749552867
80.0,20.0,0.1,DR-learner minus T-learner,left_wins,10,1.0,0.0,0.0,1.0,1.0,1.0,1.0,1.0
80.0,20.0,0.1,DR-learner minus T-learner,tie,10,0.0,0.0,0.0,0.0,0.0,0.0,0.0,0.0
80.0,20.0,0.1,S-learner minus T-learner,profit_difference,10,-155.87682742840008,167.69230741056052,53.028963750650384,-154.2810808019392,-402.65315513633414,106.40845137396855,-402.19454935093177,89.04190908764521
80.0,20.0,0.1,S-learner minus T-learner,left_wins,10,0.2,0.42163702135578396,0.13333333333333333,0.0,0.0,1.0,0.0,1.0
80.0,20.0,0.1,S-learner minus T-learner,tie,10,0.0,0.0,0.0,0.0,0.0,0.0,0.0,0.0
80.0,20.0,0.2,DR-learner minus S-learner,profit_difference,10,707.1551359530115,357.1555239570997,112.94249346152688,639.6377440667657,235.38346656764543,1359.3715664569586,280.90572368810444,1335.9460963849751
80.0,20.0,0.2,DR-learner minus S-learner,left_wins,10,1.0,0.0,0.0,1.0,1.0,1.0,1.0,1.0
80.0,20.0,0.2,DR-learner minus S-learner,tie,10,0.0,0.0,0.0,0.0,0.0,0.0,0.0,0.0
80.0,20.0,0.2,DR-learner minus T-learner,profit_difference,10,551.2783085246112,239.64164453782863,75.78134189679871,461.16785246452764,150.0286283595624,956.7184113206245,205.3854700532783,933.7515470340434
80.0,20.0,0.2,DR-learner minus T-learner,left_wins,10,1.0,0.0,0.0,1.0,1.0,1.0,1.0,1.0
80.0,20.0,0.2,DR-learner minus T-learner,tie,10,0.0,0.0,0.0,0.0,0.0,0.0,0.0,0.0
80.0,20.0,0.2,S-learner minus T-learner,profit_difference,10,-155.87682742840008,167.69230741056052,53.028963750650384,-154.2810808019392,-402.65315513633414,106.40845137396855,-402.19454935093177,89.04190908764521
80.0,20.0,0.2,S-learner minus T-learner,left_wins,10,0.2,0.42163702135578396,0.13333333333333333,0.0,0.0,1.0,0.0,1.0
80.0,20.0,0.2,S-learner minus T-learner,tie,10,0.0,0.0,0.0,0.0,0.0,0.0,0.0,0.0
80.0,20.0,0.3,DR-learner minus S-learner,profit_difference,10,540.321995477597,450.09885232758546,142.33375455829497,476.41871040010005,-50.2592359141363,1343.6398773860542,-35.45400968770529,1288.9480479007082
80.0,20.0,0.3,DR-learner minus S-learner,left_wins,10,0.9,0.31622776601683794,0.09999999999999999,1.0,0.0,1.0,0.225,1.0
80.0,20.0,0.3,DR-learner minus S-learner,tie,10,0.0,0.0,0.0,0.0,0.0,0.0,0.0,0.0
80.0,20.0,0.3,DR-learner minus T-learner,profit_difference,10,384.4451680491969,323.3120263307851,102.24023981296125,351.6369655635099,-69.81306867141484,940.9867222497201,-58.838097028207606,888.0348209533099
80.0,20.0,0.3,DR-learner minus T-learner,left_wins,10,0.8,0.4216370213557839,0.13333333333333333,1.0,0.0,1.0,0.0,1.0
80.0,20.0,0.3,DR-learner minus T-learner,tie,10,0.0,0.0,0.0,0.0,0.0,0.0,0.0,0.0
80.0,20.0,0.3,S-learner minus T-learner,profit_difference,10,-155.87682742840008,167.69230741056052,53.028963750650384,-154.2810808019392,-402.65315513633414,106.40845137396855,-402.19454935093177,89.04190908764521
80.0,20.0,0.3,S-learner minus T-learner,left_wins,10,0.2,0.42163702135578396,0.13333333333333333,0.0,0.0,1.0,0.0,1.0
80.0,20.0,0.3,S-learner minus T-learner,tie,10,0.0,0.0,0.0,0.0,0.0,0.0,0.0,0.0
120.0,5.0,0.1,DR-learner minus S-learner,profit_difference,10,-111.43730645649285,333.97629008441345,105.61257611598548,-62.02034109219767,-729.21790571151,365.6011122645032,-702.7275186872826,313.616087988082
120.0,5.0,0.1,DR-learner minus S-learner,left_wins,10,0.4,0.5163977794943223,0.16329931618554522,0.0,0.0,1.0,0.0,1.0
120.0,5.0,0.1,DR-learner minus S-learner,tie,10,0.0,0.0,0.0,0.0,0.0,0.0,0.0,0.0
120.0,5.0,0.1,DR-learner minus T-learner,profit_difference,10,240.67285480636002,250.2869395218935,79.14767974819979,222.39851732089573,-177.0351219190361,729.2510335242732,-133.06588026128966,668.460521304685
120.0,5.0,0.1,DR-learner minus T-learner,left_wins,10,0.9,0.31622776601683794,0.09999999999999999,1.0,0.0,1.0,0.225,1.0
120.0,5.0,0.1,DR-learner minus T-learner,tie,10,0.0,0.0,0.0,0.0,0.0,0.0,0.0,0.0
120.0,5.0,0.1,S-learner minus T-learner,profit_difference,10,352.11016126285284,365.2579439396906,115.50470363195178,370.20486419814733,-302.42871563982044,804.7922272987125,-271.5981407624551,804.307492521136
120.0,5.0,0.1,S-learner minus T-learner,left_wins,10,0.8,0.42163702135578396,0.13333333333333333,1.0,0.0,1.0,0.0,1.0
120.0,5.0,0.1,S-learner minus T-learner,tie,10,0.0,0.0,0.0,0.0,0.0,0.0,0.0,0.0
120.0,5.0,0.2,DR-learner minus S-learner,profit_difference,10,-210.80109219585393,528.1562181279146,167.01766096649217,-364.62477277590915,-944.0798923053626,681.7730915180655,-886.1578989093343,657.1979510987395
120.0,5.0,0.2,DR-learner minus S-learner,left_wins,10,0.3,0.4830458915396479,0.15275252316519464,0.0,0.0,1.0,0.0,1.0
120.0,5.0,0.2,DR-learner minus S-learner,tie,10,0.0,0.0,0.0,0.0,0.0,0.0,0.0,0.0
120.0,5.0,0.2,DR-learner minus T-learner,profit_difference,10,426.5624417318824,559.6926929008858,176.99036993199525,254.4201130546753,-196.0155290969924,1619.7559890025987,-185.87874256716321,1442.638847584031
120.0,5.0,0.2,DR-learner minus T-learner,left_wins,10,0.8,0.4216370213557839,0.13333333333333333,1.0,0.0,1.0,0.0,1.0
120.0,5.0,0.2,DR-learner minus T-learner,tie,10,0.0,0.0,0.0,0.0,0.0,0.0,0.0,0.0
120.0,5.0,0.2,S-learner minus T-learner,profit_difference,10,637.3635339277364,489.2581179200589,154.71700163546288,735.878449545844,-544.7323975005384,1187.4960986045226,-352.54707015074155,1165.1900804770526
120.0,5.0,0.2,S-learner minus T-learner,left_wins,10,0.9,0.31622776601683794,0.09999999999999999,1.0,0.0,1.0,0.225,1.0
120.0,5.0,0.2,S-learner minus T-learner,tie,10,0.0,0.0,0.0,0.0,0.0,0.0,0.0,0.0
120.0,5.0,0.3,DR-learner minus S-learner,profit_difference,10,-253.99397482798776,559.7915302361109,177.02162504171253,-485.1948913693577,-1101.1766284143705,973.6202068599305,-972.1478107043333,788.3409675574567
120.0,5.0,0.3,DR-learner minus S-learner,left_wins,10,0.3,0.4830458915396479,0.15275252316519464,0.0,0.0,1.0,0.0,1.0
120.0,5.0,0.3,DR-learner minus S-learner,tie,10,0.0,0.0,0.0,0.0,0.0,0.0,0.0,0.0
120.0,5.0,0.3,DR-learner minus T-learner,profit_difference,10,653.2672915839019,436.68013895913424,138.09038480696938,700.9918619444798,-83.79094901074859,1597.1150397268902,4.981690520495704,1422.0083890038838
120.0,5.0,0.3,DR-learner minus T-learner,left_wins,10,0.9,0.31622776601683794,0.09999999999999999,1.0,0.0,1.0,0.225,1.0
120.0,5.0,0.3,DR-learner minus T-learner,tie,10,0.0,0.0,0.0,0.0,0.0,0.0,0.0,0.0
120.0,5.0,0.3,S-learner minus T-learner,profit_difference,10,907.2612664118897,516.3062899390719,163.27038464787452,1011.8951094998665,-154.75694812418078,1446.9581186557334,-20.053674640462305,1439.0769593552527
120.0,5.0,0.3,S-learner minus T-learner,left_wins,10,0.9,0.31622776601683794,0.09999999999999999,1.0,0.0,1.0,0.225,1.0
120.0,5.0,0.3,S-learner minus T-learner,tie,10,0.0,0.0,0.0,0.0,0.0,0.0,0.0,0.0
120.0,10.0,0.1,DR-learner minus S-learner,profit_difference,10,-107.93730645649285,278.8595464471472,88.18313140545,-79.52034109219767,-594.21790571151,300.6011122645032,-582.3525186872826,257.616087988082
120.0,10.0,0.1,DR-learner minus S-learner,left_wins,10,0.4,0.5163977794943223,0.16329931618554522,0.0,0.0,1.0,0.0,1.0
120.0,10.0,0.1,DR-learner minus S-learner,tie,10,0.0,0.0,0.0,0.0,0.0,0.0,0.0,0.0
120.0,10.0,0.1,DR-learner minus T-learner,profit_difference,10,257.17285480636,216.0951050638654,68.33527232152004,222.39851732089573,-132.0351219190361,639.2510335242732,-82.44088026128966,598.710521304685
120.0,10.0,0.1,DR-learner minus T-learner,left_wins,10,0.9,0.31622776601683794,0.09999999999999999,1.0,0.0,1.0,0.225,1.0
120.0,10.0,0.1,DR-learner minus T-learner,tie,10,0.0,0.0,0.0,0.0,0.0,0.0,0.0,0.0
120.0,10.0,0.1,S-learner minus T-learner,profit_difference,10,365.11016126285284,324.89684207348387,102.7414025548232,370.20486419814733,-212.42871563982044,764.7922272987125,-190.5981407624551,760.932492521136
120.0,10.0,0.1,S-learner minus T-learner,left_wins,10,0.8,0.42163702135578396,0.13333333333333333,1.0,0.0,1.0,0.0,1.0
120.0,10.0,0.1,S-learner minus T-learner,tie,10,0.0,0.0,0.0,0.0,0.0,0.0,0.0,0.0
120.0,10.0,0.2,DR-learner minus S-learner,profit_difference,10,-205.30109219585393,452.3458367164342,143.0443134118553,-364.62477277590915,-764.0798923053626,601.7730915180655,-737.6578989093343,560.3229510987395
120.0,10.0,0.2,DR-learner minus S-learner,left_wins,10,0.3,0.4830458915396479,0.15275252316519464,0.0,0.0,1.0,0.0,1.0
120.0,10.0,0.2,DR-learner minus S-learner,tie,10,0.0,0.0,0.0,0.0,0.0,0.0,0.0,0.0
120.0,10.0,0.2,DR-learner minus T-learner,profit_difference,10,456.0624417318824,510.9192589305091,161.56685586657326,261.9201130546753,-110.96314451997387,1564.7559890025987,-79.47493104980303,1400.013847584031
120.0,10.0,0.2,DR-learner minus T-learner,left_wins,10,0.9,0.31622776601683794,0.09999999999999999,1.0,0.0,1.0,0.225,1.0
120.0,10.0,0.2,DR-learner minus T-learner,tie,10,0.0,0.0,0.0,0.0,0.0,0.0,0.0,0.0
120.0,10.0,0.2,S-learner minus T-learner,profit_difference,10,661.3635339277364,433.1353697827254,136.96943036926825,726.8550025350687,-319.73239750053835,1187.4960986045226,-178.17207015074155,1165.1900804770526
120.0,10.0,0.2,S-learner minus T-learner,left_wins,10,0.9,0.31622776601683794,0.09999999999999999,1.0,0.0,1.0,0.225,1.0
120.0,10.0,0.2,S-learner minus T-learner,tie,10,0.0,0.0,0.0,0.0,0.0,0.0,0.0,0.0
120.0,10.0,0.3,DR-learner minus S-learner,profit_difference,10,-273.99397482798776,454.53223776874864,143.7357141322456,-490.5621448053407,-936.1766284143705,648.6202068599305,-844.2728107043333,530.8409675574566
120.0,10.0,0.3,DR-learner minus S-learner,left_wins,10,0.3,0.4830458915396479,0.15275252316519464,0.0,0.0,1.0,0.0,1.0
120.0,10.0,0.3,DR-learner minus S-learner,tie,10,0.0,0.0,0.0,0.0,0.0,0.0,0.0,0.0
120.0,10.0,0.3,DR-learner minus T-learner,profit_difference,10,634.7672915839019,407.99391364802,129.01900386138004,634.5080030078734,-83.79094901074859,1512.1150397268902,22.981690520495704,1353.8351632632575
120.0,10.0,0.3,DR-learner minus T-learner,left_wins,10,0.9,0.31622776601683794,0.09999999999999999,1.0,0.0,1.0,0.225,1.0
120.0,10.0,0.3,DR-learner minus T-learner,tie,10,0.0,0.0,0.0,0.0,0.0,0.0,0.0,0.0
120.0,10.0,0.3,S-learner minus T-learner,profit_difference,10,908.7612664118897,448.2646386253515,141.75372525684006,979.3951094998665,70.24305187581922,1386.9581186557334,154.3213253595377,1373.8986986596747
120.0,10.0,0.3,S-learner minus T-learner,left_wins,10,1.0,0.0,0.0,1.0,1.0,1.0,1.0,1.0
120.0,10.0,0.3,S-learner minus T-learner,tie,10,0.0,0.0,0.0,0.0,0.0,0.0,0.0,0.0
120.0,20.0,0.1,DR-learner minus S-learner,profit_difference,10,-100.93730645649285,175.9051314118758,55.626086737275784,-80.45938923505673,-401.4828522704993,170.60111226450317,-384.0982392947267,145.61608798808192
120.0,20.0,0.1,DR-learner minus S-learner,left_wins,10,0.3,0.4830458915396479,0.15275252316519464,0.0,0.0,1.0,0.0,1.0
120.0,20.0,0.1,DR-learner minus S-learner,tie,10,0.0,0.0,0.0,0.0,0.0,0.0,0.0,0.0
120.0,20.0,0.1,DR-learner minus T-learner,profit_difference,10,290.17285480636,177.68655672433536,56.18942288416072,251.411361270023,-42.0351219190361,571.8570171519568,2.3421446306659632,546.5206708357281
120.0,20.0,0.1,DR-learner minus T-learner,left_wins,10,0.9,0.31622776601683794,0.09999999999999999,1.0,0.0,1.0,0.225,1.0
120.0,20.0,0.1,DR-learner minus T-learner,tie,10,0.0,0.0,0.0,0.0,0.0,0.0,0.0,0.0
120.0,20.0,0.1,S-learner minus T-learner,profit_difference,10,391.11016126285284,252.36311684924692,79.80422466628359,415.2978242331528,-32.42871563982044,684.7922272987125,-28.598140762455113,674.182492521136
120.0,20.0,0.1,S-learner minus T-learner,left_wins,10,0.8,0.42163702135578396,0.13333333333333333,1.0,0.0,1.0,0.0,1.0
120.0,20.0,0.1,S-learner minus T-learner,tie,10,0.0,0.0,0.0,0.0,0.0,0.0,0.0,0.0
120.0,20.0,0.2,DR-learner minus S-learner,profit_difference,10,506.6386883555351,980.6955556436524,310.12316470383377,190.10990842367755,-566.6488105452372,2416.2329554343232,-530.0708039412655,2298.1888870565517
120.0,20.0,0.2,DR-learner minus S-learner,left_wins,10,0.7,0.48304589153964794,0.15275252316519466,1.0,0.0,1.0,0.0,1.0
120.0,20.0,0.2,DR-learner minus S-learner,tie,10,0.0,0.0,0.0,0.0,0.0,0.0,0.0,0.0
120.0,20.0,0.2,DR-learner minus T-learner,profit_difference,10,521.8932610162149,445.337008990293,140.82792747762082,417.15820978749616,-30.963144519973866,1476.1812365060032,9.57825409698944,1331.3684143991695
120.0,20.0,0.2,DR-learner minus T-learner,left_wins,10,0.9,0.31622776601683794,0.09999999999999999,1.0,0.0,1.0,0.225,1.0
120.0,20.0,0.2,DR-learner minus T-learner,tie,10,0.0,0.0,0.0,0.0,0.0,0.0,0.0,0.0
120.0,20.0,0.2,S-learner minus T-learner,profit_difference,10,15.254572660679695,638.4028707008565,201.88071362046807,146.98812981238007,-1084.3463207248788,883.0643632083702,-1051.880035320653,804.9041563421713
120.0,20.0,0.2,S-learner minus T-learner,left_wins,10,0.7,0.4830458915396479,0.15275252316519464,1.0,0.0,1.0,0.0,1.0
120.0,20.0,0.2,S-learner minus T-learner,tie,10,0.0,0.0,0.0,0.0,0.0,0.0,0.0,0.0
120.0,20.0,0.3,DR-learner minus S-learner,profit_difference,10,2044.1893497825918,1251.159272356785,395.65130162863863,2051.799456348519,27.488522696694417,3868.0042415185308,158.91492965068437,3855.5091925225024
120.0,20.0,0.3,DR-learner minus S-learner,left_wins,10,1.0,0.0,0.0,1.0,1.0,1.0,1.0,1.0
120.0,20.0,0.3,DR-learner minus S-learner,tie,10,0.0,0.0,0.0,0.0,0.0,0.0,0.0,0.0
120.0,20.0,0.3,DR-learner minus T-learner,profit_difference,10,1761.032806402632,691.6276695839417,218.7118728679616,1834.2456266180452,696.1084880482485,2872.4189714967506,809.071543722027,2852.4477350885536
120.0,20.0,0.3,DR-learner minus T-learner,left_wins,10,1.0,0.0,0.0,1.0,1.0,1.0,1.0,1.0
120.0,20.0,0.3,DR-learner minus T-learner,tie,10,0.0,0.0,0.0,0.0,0.0,0.0,0.0,0.0
120.0,20.0,0.3,S-learner minus T-learner,profit_difference,10,-283.1565433799595,730.7321493955475,231.07779516003623,-477.81102474257204,-1084.3463207248788,1209.6614132429786,-1051.880035320653,1089.880707409932
120.0,20.0,0.3,S-learner minus T-learner,left_wins,10,0.3,0.48304589153964794,0.15275252316519466,0.0,0.0,1.0,0.0,1.0
120.0,20.0,0.3,S-learner minus T-learner,tie,10,0.0,0.0,0.0,0.0,0.0,0.0,0.0,0.0
