model,metric,replicates,mean,std,mcse,median,minimum,maximum,q025,q975
DR-learner,ate_error,10,0.007408775172422805,0.005180496913172762,0.0016382169657097473,0.007459630328215838,0.00018703871805550443,0.015456287028101756,0.0003723451467131281,0.015209741985636413
DR-learner,pehe,10,0.08418594185009756,0.004648663679176458,0.0014700365302295858,0.0838594307600388,0.07985706098727102,0.09498489167516538,0.07988638612146089,0.09333960904220247
DR-learner,cate_mae,10,0.06599825211986435,0.0038488895872840117,0.0012171257558322923,0.06596834182750091,0.06216360749127389,0.07492505438651495,0.06225491248537922,0.07350544360168577
DR-learner,cate_correlation,10,0.7472098481880001,0.025019959051936543,0.007912005756826655,0.7442611602385765,0.7123753470031724,0.7783361297649768,0.7131936471894854,0.7777473292290159
S-learner,ate_error,10,0.055331962079130846,0.00950073980723629,0.0030043977247495753,0.056443293364490124,0.0388158510533705,0.06706867675919956,0.03896231178207096,0.06627017248732411
S-learner,pehe,10,0.0825615798449277,0.008589846820984045,0.0027163480706266212,0.08522129164191616,0.06881469479689185,0.09161388931661255,0.06889554245487169,0.09152008256606456
S-learner,cate_mae,10,0.06359596329471988,0.006950955291825816,0.0021980850636169956,0.06556415041569397,0.05151939809118962,0.07230519342750082,0.051857905405496056,0.07168332971533595
S-learner,cate_correlation,10,0.8105140418023892,0.02994390528348457,0.009469094273616115,0.816805889250211,0.765216655793076,0.8577054055989746,0.7653499270854679,0.852243347393529
T-learner,ate_error,10,0.06185132026935479,0.004157546645361379,0.0013147316877734274,0.06146856805210601,0.05472298855332265,0.0710804349247387,0.05576893751109757,0.06955162998382372
T-learner,pehe,10,0.09453001212687379,0.004007051702398923,0.0012671410081635786,0.09566476561623313,0.08812906534891171,0.09889397854888737,0.0884408003562411,0.09869112139273623
T-learner,cate_mae,10,0.0751844672084533,0.0035195161976835664,0.00111296874465355,0.07531752289456031,0.06979413741023946,0.08086510915759698,0.07020170099532157,0.08049424057911177
T-learner,cate_correlation,10,0.7359185413747419,0.030792768083345908,0.009737528260471064,0.742967172074013,0.6837207740518628,0.7767661137147486,0.6869900184419019,0.7746790849346239
