seed,scenario,overlap_strength,hidden_strength,model,true_ate,predicted_ate,ate_error,pehe,cate_mae,cate_correlation,baseline_value,baseline_delta
42,Baseline,1.0,0.0,S-learner,0.15372016993016593,0.09020040104596837,0.06351976888419757,0.09119697042528818,0.06954135470676805,0.7851293706924106,0.09119697042528818,0.0
42,Baseline,1.0,0.0,T-learner,0.15372016993016593,0.09228634046019128,0.06143382946997465,0.0972585877263018,0.07600167601719691,0.6837207740518628,0.0972585877263018,0.0
42,Baseline,1.0,0.0,DR-learner,0.15372016993016593,0.14710672471425582,0.006613445215910119,0.08098557753242867,0.06294707164425936,0.7160122367201193,0.08098557753242867,0.0
42,Moderate overlap,2.5,0.0,S-learner,0.15372016993016593,0.06484213707605342,0.08887803285411251,0.11308182696656321,0.09064266430011719,0.7593643688334446,0.09119697042528818,0.021884856541275033
42,Moderate overlap,2.5,0.0,T-learner,0.15372016993016593,0.141033807443169,0.012686362486996922,0.0804129896969414,0.06302987208053414,0.6650023635961464,0.0972585877263018,-0.016845598029360406
42,Moderate overlap,2.5,0.0,DR-learner,0.15372016993016593,0.13945684682633339,0.014263323103832548,0.09485944547110672,0.07288429056481392,0.6347241552196724,0.08098557753242867,0.01387386793867805
42,Severe overlap,5.0,0.0,S-learner,0.15372016993016593,0.040900524361915984,0.11281964556824994,0.1360032909232267,0.11343027689667834,0.699092256127591,0.09119697042528818,0.04480632049793851
42,Severe overlap,5.0,0.0,T-learner,0.15372016993016593,0.14288779251286152,0.010832377417304417,0.08598982362056394,0.0675781591465064,0.6372092321882058,0.0972585877263018,-0.011268764105737863
42,Severe overlap,5.0,0.0,DR-learner,0.15372016993016593,0.11110798398881055,0.04261218594135538,0.1284208693511408,0.09444487108448524,0.5161270029794794,0.08098557753242867,0.04743529181871213
42,Moderate hidden,1.0,0.8,S-learner,0.1430729309405246,0.18511295236975986,0.04204002142923527,0.07436183353961873,0.061836582893917455,0.7365372391988008,0.09119697042528818,-0.016835136885669455
42,Moderate hidden,1.0,0.8,T-learner,0.1430729309405246,0.11123296877384986,0.03183996216667473,0.0847913901742989,0.06602185926251282,0.5607576639096207,0.0972585877263018,-0.012467197552002901
42,Moderate hidden,1.0,0.8,DR-learner,0.1430729309405246,0.21710695458571808,0.07403402364519349,0.10432102378729867,0.08585106985340853,0.7462870236567634,0.08098557753242867,0.023335446254869996
42,Severe hidden,1.0,1.6,S-learner,0.11546234781728074,0.39457632856172636,0.2791139807444456,0.2906955641666665,0.27911398074444566,0.6928331271222092,0.09119697042528818,0.1994985937413783
42,Severe hidden,1.0,1.6,T-learner,0.11546234781728074,0.13328078903718665,0.017818441219905917,0.07553206220634785,0.06057346688527293,0.5811853795256297,0.0972585877263018,-0.02172652551995395
42,Severe hidden,1.0,1.6,DR-learner,0.11546234781728074,0.4069349241982491,0.29147257638096835,0.3121215174317699,0.2915028800457123,0.6861713412628764,0.08098557753242867,0.23113593989934123
42,Combined severe,5.0,1.6,S-learner,0.11546234781728074,0.2616016175707185,0.14613926975343774,0.17185397616258466,0.14925576433418242,0.6426572945753054,0.09119697042528818,0.08065700573729648
42,Combined severe,5.0,1.6,T-learner,0.11546234781728074,0.2199272236855458,0.10446487586826506,0.14079616605263973,0.11794767558965234,0.607292768953224,0.0972585877263018,0.04353757832633792
42,Combined severe,5.0,1.6,DR-learner,0.11546234781728074,0.35210371931771955,0.23664137150043882,0.26771931420765277,0.23926501159894104,0.6757907321918977,0.08098557753242867,0.18673373667522408
43,Baseline,1.0,0.0,S-learner,0.15679236057726065,0.09986592317077754,0.05692643740648311,0.08473118299899805,0.06561102858910144,0.8228977420017026,0.08473118299899805,0.0
43,Baseline,1.0,0.0,T-learner,0.15679236057726065,0.0974207099893828,0.05937165058787784,0.09382596551041077,0.07411040462214796,0.7180680587374013,0.09382596551041077,0.0
43,Baseline,1.0,0.0,DR-learner,0.15679236057726065,0.1533920529698766,0.003400307607384051,0.08438213728619867,0.06521886377566892,0.7377271263399564,0.08438213728619867,0.0
43,Moderate overlap,2.5,0.0,S-learner,0.15679236057726065,0.06690724332145011,0.08988511725581054,0.11284370675590166,0.09229600866997563,0.7928195579453116,0.08473118299899805,0.02811252375690361
43,Moderate overlap,2.5,0.0,T-learner,0.15679236057726065,0.13211275322041174,0.024679607356848904,0.0791538855599125,0.06329121165893822,0.7185689496260836,0.09382596551041077,-0.014672079950498268
43,Moderate overlap,2.5,0.0,DR-learner,0.15679236057726065,0.13196728591902127,0.024825074658239382,0.09996206117374402,0.07686408701409633,0.6833426205366495,0.08438213728619867,0.015579923887545352
43,Severe overlap,5.0,0.0,S-learner,0.15679236057726065,0.04703953140298888,0.10975282917427176,0.13113615917292876,0.11060151906151457,0.7587116750989618,0.08473118299899805,0.046404976173930704
43,Severe overlap,5.0,0.0,T-learner,0.15679236057726065,0.13764883634630967,0.019143524230950976,0.08361568573289828,0.06736245296854686,0.7067617022757352,0.09382596551041077,-0.010210279777512488
43,Severe overlap,5.0,0.0,DR-learner,0.15679236057726065,0.1074477240811766,0.049344636496084046,0.12466019081803102,0.09557598253241997,0.6396598420573281,0.08438213728619867,0.04027805353183235
43,Moderate hidden,1.0,0.8,S-learner,0.14538730478067424,0.20112570923915343,0.05573840445847919,0.07875896787478635,0.06454152513882405,0.8083873000928806,0.08473118299899805,-0.005972215124211699
43,Moderate hidden,1.0,0.8,T-learner,0.14538730478067424,0.10650566640282462,0.03888163837784962,0.08104750506345348,0.06438514455128086,0.7013569551364447,0.09382596551041077,-0.012778460446957282
43,Moderate hidden,1.0,0.8,DR-learner,0.14538730478067424,0.23450105241739774,0.0891137476367235,0.11985487928471815,0.09991159057512668,0.8051792899722124,0.08438213728619867,0.03547274199851948
43,Severe hidden,1.0,1.6,S-learner,0.11613282413669304,0.41022699671994967,0.29409417258325665,0.305697373572122,0.2940941725832566,0.6687413357517464,0.08473118299899805,0.22096619057312394
43,Severe hidden,1.0,1.6,T-learner,0.11613282413669304,0.1351979461391974,0.019065122002504348,0.07318307914818288,0.05895237181500338,0.6117986139031721,0.09382596551041077,-0.020642886362227886
43,Severe hidden,1.0,1.6,DR-learner,0.11613282413669304,0.43137548964221506,0.31524266550552205,0.33489215016775764,0.315436548947065,0.6682433389978408,0.08438213728619867,0.25051001288155894
43,Combined severe,5.0,1.6,S-learner,0.11613282413669304,0.2706245339950882,0.15449170985839514,0.18137629463694993,0.15654561660493996,0.5830391193243722,0.08473118299899805,0.09664511163795188
43,Combined severe,5.0,1.6,T-learner,0.11613282413669304,0.23740358990429042,0.12127076576759738,0.1557057869667237,0.13079839977895458,0.5303684578378577,0.09382596551041077,0.06187982145631295
43,Combined severe,5.0,1.6,DR-learner,0.11613282413669304,0.3698782781087353,0.2537454539720423,0.2841969369578207,0.2584073784992358,0.6468241851621908,0.08438213728619867,0.19981479967162205
44,Baseline,1.0,0.0,S-learner,0.15654719880364243,0.08947852204444287,0.06706867675919956,0.09161388931661255,0.07230519342750082,0.8182182386311576,0.09161388931661255,0.0
44,Baseline,1.0,0.0,T-learner,0.15654719880364243,0.08546676387890371,0.07108043492473871,0.09889397854888737,0.08086510915759698,0.7584576493656356,0.09889397854888737,0.0
44,Baseline,1.0,0.0,DR-learner,0.15654719880364243,0.1421866675198311,0.014360531283811317,0.08017598590167019,0.06256940746507533,0.7755860861500086,0.08017598590167019,0.0
44,Moderate overlap,2.5,0.0,S-learner,0.15654719880364243,0.0617156270509939,0.09483157175264853,0.11649904591848761,0.09654897963679424,0.7856564189154811,0.09161388931661255,0.02488515660187507
44,Moderate overlap,2.5,0.0,T-learner,0.15654719880364243,0.12572817157267732,0.030819027230965107,0.08131265310119824,0.06330968918453429,0.7444063531230095,0.09889397854888737,-0.01758132544768913
44,Moderate overlap,2.5,0.0,DR-learner,0.15654719880364243,0.13592464306626478,0.020622555737377646,0.09552076406514366,0.07388858131472179,0.730925144390543,0.08017598590167019,0.015344778163473474
44,Severe overlap,5.0,0.0,S-learner,0.15654719880364243,0.03777770338901568,0.11876949541462675,0.13805714247165274,0.11900676281412925,0.7798152798694142,0.09161388931661255,0.04644325315504019
44,Severe overlap,5.0,0.0,T-learner,0.15654719880364243,0.11590448724066368,0.040642711562978745,0.08856600475830807,0.06922160348559818,0.7663113001772163,0.09889397854888737,-0.0103279737905793
44,Severe overlap,5.0,0.0,DR-learner,0.15654719880364243,0.10102221058697866,0.05552498821666377,0.12183929811555076,0.0958320067995404,0.7228597687584064,0.08017598590167019,0.041663312213880574
44,Moderate hidden,1.0,0.8,S-learner,0.14535872401993977,0.19789162322697776,0.05253289920703799,0.07591892486726132,0.06296098963210933,0.8030720568943978,0.09161388931661255,-0.01569496444935123
44,Moderate hidden,1.0,0.8,T-learner,0.14535872401993977,0.10242627737292287,0.0429324466470169,0.08579599904075037,0.06836552385898076,0.6567906226475391,0.09889397854888737,-0.013097979508137
44,Moderate hidden,1.0,0.8,DR-learner,0.14535872401993977,0.2336752588651412,0.08831653484520144,0.12384425989393455,0.10071496096473617,0.7437510347209336,0.08017598590167019,0.04366827399226436
44,Severe hidden,1.0,1.6,S-learner,0.11660312371183086,0.4088717049824622,0.2922685812706314,0.3026011458218164,0.29226858127063143,0.7061477061290707,0.09161388931661255,0.21098725650520386
44,Severe hidden,1.0,1.6,T-learner,0.11660312371183086,0.12441851114088588,0.00781538742905502,0.07641347188351998,0.05995609829637016,0.6177516995390834,0.09889397854888737,-0.022480506665367397
44,Severe hidden,1.0,1.6,DR-learner,0.11660312371183086,0.4223598486694005,0.30575672495756967,0.32523151560460223,0.30595264124017063,0.6614054277005382,0.08017598590167019,0.24505552970293204
44,Combined severe,5.0,1.6,S-learner,0.11660312371183086,0.2581689815787426,0.14156585786691173,0.16430272842871757,0.1429268897622868,0.6489770920851399,0.09161388931661255,0.07268883911210502
44,Combined severe,5.0,1.6,T-learner,0.11660312371183086,0.2227520800543544,0.10614895634252354,0.1392746557773258,0.11797167936216021,0.5694813286299214,0.09889397854888737,0.04038067722843844
44,Combined severe,5.0,1.6,DR-learner,0.11660312371183086,0.359697394751421,0.24309427103959014,0.2714112787302887,0.24680112105295432,0.6387198368531389,0.08017598590167019,0.1912352928286185
45,Baseline,1.0,0.0,S-learner,0.15318809091171318,0.11437223985834268,0.0388158510533705,0.06881469479689187,0.05151939809118962,0.8334295913525497,0.06881469479689187,0.0
45,Baseline,1.0,0.0,T-learner,0.15318809091171318,0.09846510235839052,0.05472298855332265,0.08812906534891171,0.06979413741023946,0.7538910722749331,0.08812906534891171,0.0
45,Baseline,1.0,0.0,DR-learner,0.15318809091171318,0.15827634648369476,0.005088255571981587,0.07998739491700377,0.06310307489578726,0.7783361297649768,0.07998739491700377,0.0
45,Moderate overlap,2.5,0.0,S-learner,0.1531880909117132,0.07621927102561153,0.07696881988610167,0.09894396885157647,0.07851133924196636,0.8077753831872565,0.06881469479689187,0.0301292740546846
45,Moderate overlap,2.5,0.0,T-learner,0.1531880909117132,0.14062563956546417,0.012562451346249032,0.07236647149968142,0.05581969984799341,0.7647356093995136,0.08812906534891171,-0.01576259384923029
45,Moderate overlap,2.5,0.0,DR-learner,0.1531880909117132,0.14681104539227585,0.006377045519437352,0.09143765993926631,0.06930157748484475,0.7476624135687635,0.07998739491700377,0.01145026502226254
45,Severe overlap,5.0,0.0,S-learner,0.1531880909117132,0.06069619685947806,0.09249189405223515,0.11236014955317133,0.09300777072951637,0.7905546874041305,0.06881469479689187,0.04354545475627947
45,Severe overlap,5.0,0.0,T-learner,0.1531880909117132,0.1400659039010601,0.013122187010653097,0.07395643514979754,0.05859543293475864,0.7911813194748842,0.08812906534891171,-0.014172630199114175
45,Severe overlap,5.0,0.0,DR-learner,0.1531880909117132,0.13283826625490153,0.020349824656811677,0.10253849272853964,0.08039852538813391,0.7830958070997911,0.07998739491700377,0.022551097811535872
45,Moderate hidden,1.0,0.8,S-learner,0.14197079414118483,0.21111892570812985,0.06914813156694502,0.08807001433145739,0.074230220697797,0.8106249974710475,0.06881469479689187,0.019255319534565524
45,Moderate hidden,1.0,0.8,T-learner,0.14197079414118483,0.10641405388055965,0.03555674026062518,0.07387654806290644,0.05787615652644791,0.7378281901776651,0.08812906534891171,-0.014252517286005267
45,Moderate hidden,1.0,0.8,DR-learner,0.14197079414118483,0.24118814804258099,0.09921735390139616,0.12579897843127627,0.10762801773795055,0.8047465272270394,0.07998739491700377,0.0458115835142725
45,Severe hidden,1.0,1.6,S-learner,0.11333215034684638,0.39898193452322267,0.2856497841763763,0.2954344084205211,0.28564978417637626,0.7049753931103475,0.06881469479689187,0.22661971362362923
45,Severe hidden,1.0,1.6,T-learner,0.11333215034684638,0.13038251912679444,0.01705036877994806,0.07268396158030903,0.05830008982792692,0.6645319189989115,0.08812906534891171,-0.015445103768602683
45,Severe hidden,1.0,1.6,DR-learner,0.11333215034684638,0.41954084281538645,0.3062086924685401,0.3246982983962218,0.3065627232835626,0.6963098756990248,0.07998739491700377,0.244710903479218
45,Combined severe,5.0,1.6,S-learner,0.11333215034684638,0.2742721555917856,0.1609400052449392,0.18414937850077334,0.16219267243154395,0.6059982765944343,0.06881469479689187,0.11533468370388147
45,Combined severe,5.0,1.6,T-learner,0.11333215034684638,0.2260758672795694,0.11274371693272303,0.14963004208477673,0.1261164779803153,0.5481581994968279,0.08812906534891171,0.06150097673586502
45,Combined severe,5.0,1.6,DR-learner,0.11333215034684638,0.3590385394140656,0.24570638906721923,0.27997552897367795,0.2513322871534474,0.6325428612974194,0.07998739491700377,0.19998813405667418
46,Baseline,1.0,0.0,S-learner,0.15339900180078622,0.09743885247828912,0.0559601493224971,0.08140524370276891,0.06252196016461237,0.8153935398692642,0.08140524370276891,0.0
46,Baseline,1.0,0.0,T-learner,0.15339900180078622,0.08911325550233629,0.06428574629844994,0.09407094350616446,0.07463336977192368,0.7501427634802268,0.09407094350616446,0.0
46,Baseline,1.0,0.0,DR-learner,0.15339900180078622,0.1450931863602647,0.00830581544052153,0.08507680488443495,0.06676138366628018,0.7366862005077363,0.08507680488443495,0.0
46,Moderate overlap,2.5,0.0,S-learner,0.15339900180078622,0.06382091568525855,0.08957808611552767,0.1083885449848748,0.0901943927621699,0.804515325873257,0.08140524370276891,0.02698330128210588
46,Moderate overlap,2.5,0.0,T-learner,0.15339900180078622,0.11998512660520534,0.03341387519558088,0.07896422828259804,0.059955281204679856,0.7846499951911189,0.09407094350616446,-0.015106715223566422
46,Moderate overlap,2.5,0.0,DR-learner,0.15339900180078622,0.13261522577498042,0.020783776025805806,0.09831245245535626,0.0779533306342985,0.7311949211810251,0.08507680488443495,0.013235647570921313
46,Severe overlap,5.0,0.0,S-learner,0.15339900180078622,0.045391657373627554,0.10800734442715867,0.12596955077891045,0.10825760570063932,0.7841617383081612,0.08140524370276891,0.044564307076141535
46,Severe overlap,5.0,0.0,T-learner,0.15339900180078622,0.12194610845607236,0.031452893344713864,0.08362768491796192,0.06555723059513328,0.7695832416555851,0.09407094350616446,-0.01044325858820254
46,Severe overlap,5.0,0.0,DR-learner,0.15339900180078622,0.10664951083215908,0.04674949096862714,0.11450787831253369,0.0908794273711632,0.7095817220332026,0.08507680488443495,0.02943107342809874
46,Moderate hidden,1.0,0.8,S-learner,0.14235682537782376,0.1981239942677307,0.05576716888990693,0.08011430012955201,0.06447198866280071,0.8047900461383751,0.08140524370276891,-0.0012909435732169072
46,Moderate hidden,1.0,0.8,T-learner,0.14235682537782376,0.09702659834785557,0.045330227029968195,0.08033631797125648,0.06388311769996481,0.7316845314438254,0.09407094350616446,-0.01373462553490798
46,Moderate hidden,1.0,0.8,DR-learner,0.14235682537782376,0.22787812997379375,0.08552130459596999,0.11683066315784846,0.09533782651315591,0.7877466666275154,0.08507680488443495,0.03175385827341351
46,Severe hidden,1.0,1.6,S-learner,0.11400210772108589,0.40463598303563486,0.290633875314549,0.3012920560436523,0.290633875314549,0.7116491996477678,0.08140524370276891,0.21988681234088336
46,Severe hidden,1.0,1.6,T-learner,0.11400210772108589,0.12864157353766226,0.014639465816576366,0.07334282124508659,0.058286953383708096,0.628109584610111,0.09407094350616446,-0.02072812226107787
46,Severe hidden,1.0,1.6,DR-learner,0.11400210772108589,0.4183227865934241,0.3043206788723382,0.3228279656029874,0.3044015654641678,0.7157512512555464,0.08507680488443495,0.23775116071855243
46,Combined severe,5.0,1.6,S-learner,0.11400210772108589,0.25899262121878963,0.14499051349770375,0.16925911757624146,0.1466021097399624,0.6616048121307662,0.08140524370276891,0.08785387387347254
46,Combined severe,5.0,1.6,T-learner,0.11400210772108589,0.21174156397401694,0.09773945625293105,0.13098421174581332,0.1105431865183322,0.646466188992741,0.09407094350616446,0.036913268239648855
46,Combined severe,5.0,1.6,DR-learner,0.11400210772108589,0.34984347678994504,0.23584136906885916,0.26550976563695045,0.23875922383013198,0.7011390373667808,0.08507680488443495,0.1804329607525155
