seed,retention_value,treatment_cost,capacity,comparison,profit_difference,left_wins,tie
42,40.0,5.0,0.1,DR-learner minus S-learner,28.18551997495115,1.0,0.0
42,40.0,5.0,0.2,DR-learner minus S-learner,173.92436383935456,1.0,0.0
42,40.0,5.0,0.3,DR-learner minus S-learner,453.75851232978493,1.0,0.0
42,40.0,10.0,0.1,DR-learner minus S-learner,406.84902660116063,1.0,0.0
42,40.0,10.0,0.2,DR-learner minus S-learner,421.7916037515927,1.0,0.0
42,40.0,10.0,0.3,DR-learner minus S-learner,421.7916037515927,1.0,0.0
42,40.0,20.0,0.1,DR-learner minus S-learner,-8.221842610962915,0.0,0.0
42,40.0,20.0,0.2,DR-learner minus S-learner,-8.221842610962915,0.0,0.0
42,40.0,20.0,0.3,DR-learner minus S-learner,-8.221842610962915,0.0,0.0
42,80.0,5.0,0.1,DR-learner minus S-learner,81.3710399499023,1.0,0.0
42,80.0,5.0,0.2,DR-learner minus S-learner,427.8487276787091,1.0,0.0
42,80.0,5.0,0.3,DR-learner minus S-learner,91.77128071410334,1.0,0.0
42,80.0,10.0,0.1,DR-learner minus S-learner,56.3710399499023,1.0,0.0
42,80.0,10.0,0.2,DR-learner minus S-learner,347.8487276787091,1.0,0.0
42,80.0,10.0,0.3,DR-learner minus S-learner,907.5170246595699,1.0,0.0
42,80.0,20.0,0.1,DR-learner minus S-learner,813.6980532023213,1.0,0.0
42,80.0,20.0,0.2,DR-learner minus S-learner,843.5832075031853,1.0,0.0
42,80.0,20.0,0.3,DR-learner minus S-learner,843.5832075031853,1.0,0.0
42,120.0,5.0,0.1,DR-learner minus S-learner,134.556559924853,1.0,0.0
42,120.0,5.0,0.2,DR-learner minus S-learner,681.7730915180655,1.0,0.0
42,120.0,5.0,0.3,DR-learner minus S-learner,150.15692107115683,1.0,0.0
42,120.0,10.0,0.1,DR-learner minus S-learner,109.55655992485299,1.0,0.0
42,120.0,10.0,0.2,DR-learner minus S-learner,601.7730915180655,1.0,0.0
42,120.0,10.0,0.3,DR-learner minus S-learner,125.15692107115683,1.0,0.0
42,120.0,20.0,0.1,DR-learner minus S-learner,59.55655992485299,1.0,0.0
42,120.0,20.0,0.2,DR-learner minus S-learner,2416.2329554343232,1.0,0.0
42,120.0,20.0,0.3,DR-learner minus S-learner,3812.4706904250706,1.0,0.0
43,40.0,5.0,0.1,DR-learner minus S-learner,-47.79560566173632,0.0,0.0
43,40.0,5.0,0.2,DR-learner minus S-learner,-118.3091349318538,0.0,0.0
43,40.0,5.0,0.3,DR-learner minus S-learner,-173.42244329861387,0.0,0.0
43,40.0,10.0,0.1,DR-learner minus S-learner,486.82010997284044,1.0,0.0
43,40.0,10.0,0.2,DR-learner minus S-learner,627.629183068516,1.0,0.0
43,40.0,10.0,0.3,DR-learner minus S-learner,550.2825398367023,1.0,0.0
43,40.0,20.0,0.1,DR-learner minus S-learner,-28.746085625312354,0.0,0.0
43,40.0,20.0,0.2,DR-learner minus S-learner,-28.746085625312354,0.0,0.0
43,40.0,20.0,0.3,DR-learner minus S-learner,-28.746085625312354,0.0,0.0
43,80.0,5.0,0.1,DR-learner minus S-learner,-60.591211323472635,0.0,0.0
43,80.0,5.0,0.2,DR-learner minus S-learner,-236.6182698637076,0.0,0.0
43,80.0,5.0,0.3,DR-learner minus S-learner,-346.84488659722774,0.0,0.0
43,80.0,10.0,0.1,DR-learner minus S-learner,-95.59121132347263,0.0,0.0
43,80.0,10.0,0.2,DR-learner minus S-learner,-236.6182698637076,0.0,0.0
43,80.0,10.0,0.3,DR-learner minus S-learner,-346.84488659722774,0.0,0.0
43,80.0,20.0,0.1,DR-learner minus S-learner,973.6402199456809,1.0,0.0
43,80.0,20.0,0.2,DR-learner minus S-learner,1255.258366137032,1.0,0.0
43,80.0,20.0,0.3,DR-learner minus S-learner,1100.5650796734046,1.0,0.0
43,120.0,5.0,0.1,DR-learner minus S-learner,-73.38681698521032,0.0,0.0
43,120.0,5.0,0.2,DR-learner minus S-learner,-354.9274047955587,0.0,0.0
43,120.0,5.0,0.3,DR-learner minus S-learner,-520.2673298958398,0.0,0.0
43,120.0,10.0,0.1,DR-learner minus S-learner,-108.38681698521032,0.0,0.0
43,120.0,10.0,0.2,DR-learner minus S-learner,-354.9274047955587,0.0,0.0
43,120.0,10.0,0.3,DR-learner minus S-learner,-520.2673298958398,0.0,0.0
43,120.0,20.0,0.1,DR-learner minus S-learner,-178.38681698521032,0.0,0.0
43,120.0,20.0,0.2,DR-learner minus S-learner,779.9705920791239,1.0,0.0
43,120.0,20.0,0.3,DR-learner minus S-learner,2603.8811340030807,1.0,0.0
44,40.0,5.0,0.1,DR-learner minus S-learner,-36.75497109030994,0.0,0.0
44,40.0,5.0,0.2,DR-learner minus S-learner,-8.218027906167663,0.0,0.0
44,40.0,5.0,0.3,DR-learner minus S-learner,110.72707910623285,1.0,0.0
44,40.0,10.0,0.1,DR-learner minus S-learner,560.4931733508795,1.0,0.0
44,40.0,10.0,0.2,DR-learner minus S-learner,679.6857832284793,1.0,0.0
44,40.0,10.0,0.3,DR-learner minus S-learner,671.8199386930271,1.0,0.0
44,40.0,20.0,0.1,DR-learner minus S-learner,0.0,0.0,1.0
44,40.0,20.0,0.2,DR-learner minus S-learner,0.0,0.0,1.0
44,40.0,20.0,0.3,DR-learner minus S-learner,0.0,0.0,1.0
44,80.0,5.0,0.1,DR-learner minus S-learner,-73.50994218061987,0.0,0.0
44,80.0,5.0,0.2,DR-learner minus S-learner,-16.436055812335326,0.0,0.0
44,80.0,5.0,0.3,DR-learner minus S-learner,31.23821117649277,1.0,0.0
44,80.0,10.0,0.1,DR-learner minus S-learner,-73.50994218061987,0.0,0.0
44,80.0,10.0,0.2,DR-learner minus S-learner,-16.436055812335326,0.0,0.0
44,80.0,10.0,0.3,DR-learner minus S-learner,221.4541582124657,1.0,0.0
44,80.0,20.0,0.1,DR-learner minus S-learner,1120.986346701759,1.0,0.0
44,80.0,20.0,0.2,DR-learner minus S-learner,1359.3715664569586,1.0,0.0
44,80.0,20.0,0.3,DR-learner minus S-learner,1343.6398773860542,1.0,0.0
44,120.0,5.0,0.1,DR-learner minus S-learner,-110.26491327092845,0.0,0.0
44,120.0,5.0,0.2,DR-learner minus S-learner,-24.65408371850208,0.0,0.0
44,120.0,5.0,0.3,DR-learner minus S-learner,46.857316764737334,1.0,0.0
44,120.0,10.0,0.1,DR-learner minus S-learner,-110.26491327092845,0.0,0.0
44,120.0,10.0,0.2,DR-learner minus S-learner,-24.65408371850208,0.0,0.0
44,120.0,10.0,0.3,DR-learner minus S-learner,46.857316764737334,1.0,0.0
44,120.0,20.0,0.1,DR-learner minus S-learner,-110.26491327092845,0.0,0.0
44,120.0,20.0,0.2,DR-learner minus S-learner,1891.5926515331157,1.0,0.0
44,120.0,20.0,0.3,DR-learner minus S-learner,3868.0042415185308,1.0,0.0
45,40.0,5.0,0.1,DR-learner minus S-learner,-153.07263523716983,0.0,0.0
45,40.0,5.0,0.2,DR-learner minus S-learner,-194.69329743512208,0.0,0.0
45,40.0,5.0,0.3,DR-learner minus S-learner,-173.8204271473951,0.0,0.0
45,40.0,10.0,0.1,DR-learner minus S-learner,210.67406435090857,1.0,0.0
45,40.0,10.0,0.2,DR-learner minus S-learner,271.47075118187536,1.0,0.0
45,40.0,10.0,0.3,DR-learner minus S-learner,113.88446009403674,1.0,0.0
45,40.0,20.0,0.1,DR-learner minus S-learner,-40.35705052240071,0.0,0.0
45,40.0,20.0,0.2,DR-learner minus S-learner,-40.35705052240071,0.0,0.0
45,40.0,20.0,0.3,DR-learner minus S-learner,-40.35705052240071,0.0,0.0
45,80.0,5.0,0.1,DR-learner minus S-learner,-441.14527047433967,0.0,0.0
45,80.0,5.0,0.2,DR-learner minus S-learner,-569.3865948702442,0.0,0.0
45,80.0,5.0,0.3,DR-learner minus S-learner,-332.6408542947902,0.0,0.0
45,80.0,10.0,0.1,DR-learner minus S-learner,-306.14527047433967,0.0,0.0
45,80.0,10.0,0.2,DR-learner minus S-learner,-389.38659487024415,0.0,0.0
45,80.0,10.0,0.3,DR-learner minus S-learner,-347.6408542947902,0.0,0.0
45,80.0,20.0,0.1,DR-learner minus S-learner,421.34812870181713,1.0,0.0
45,80.0,20.0,0.2,DR-learner minus S-learner,542.9415023637507,1.0,0.0
45,80.0,20.0,0.3,DR-learner minus S-learner,227.76892018807348,1.0,0.0
45,120.0,5.0,0.1,DR-learner minus S-learner,-729.21790571151,0.0,0.0
45,120.0,5.0,0.2,DR-learner minus S-learner,-944.0798923053626,0.0,0.0
45,120.0,5.0,0.3,DR-learner minus S-learner,-491.4612814421853,0.0,0.0
45,120.0,10.0,0.1,DR-learner minus S-learner,-594.21790571151,0.0,0.0
45,120.0,10.0,0.2,DR-learner minus S-learner,-764.0798923053626,0.0,0.0
45,120.0,10.0,0.3,DR-learner minus S-learner,-506.4612814421853,0.0,0.0
45,120.0,20.0,0.1,DR-learner minus S-learner,-324.21790571150996,0.0,0.0
45,120.0,20.0,0.2,DR-learner minus S-learner,-404.0798923053626,0.0,0.0
45,120.0,20.0,0.3,DR-learner minus S-learner,27.488522696694417,1.0,0.0
46,40.0,5.0,0.1,DR-learner minus S-learner,11.79786457359478,1.0,0.0
46,40.0,5.0,0.2,DR-learner minus S-learner,-143.39475281531668,0.0,0.0
46,40.0,5.0,0.3,DR-learner minus S-learner,-257.0588761381223,0.0,0.0
46,40.0,10.0,0.1,DR-learner minus S-learner,314.9675862662107,1.0,0.0
46,40.0,10.0,0.2,DR-learner minus S-learner,338.78393802499613,1.0,0.0
46,40.0,10.0,0.3,DR-learner minus S-learner,306.94898480734537,1.0,0.0
46,40.0,20.0,0.1,DR-learner minus S-learner,-6.467784476875195,0.0,0.0
46,40.0,20.0,0.2,DR-learner minus S-learner,-6.467784476875195,0.0,0.0
46,40.0,20.0,0.3,DR-learner minus S-learner,-6.467784476875195,0.0,0.0
46,80.0,5.0,0.1,DR-learner minus S-learner,68.59572914718956,1.0,0.0
46,80.0,5.0,0.2,DR-learner minus S-learner,-356.78950563063336,0.0,0.0
46,80.0,5.0,0.3,DR-learner minus S-learner,-679.1177522762446,0.0,0.0
46,80.0,10.0,0.1,DR-learner minus S-learner,23.59572914718956,1.0,0.0
46,80.0,10.0,0.2,DR-learner minus S-learner,-286.78950563063336,0.0,0.0
46,80.0,10.0,0.3,DR-learner minus S-learner,-514.1177522762446,0.0,0.0
46,80.0,20.0,0.1,DR-learner minus S-learner,629.9351725324213,1.0,0.0
46,80.0,20.0,0.2,DR-learner minus S-learner,677.5678760499923,1.0,0.0
46,80.0,20.0,0.3,DR-learner minus S-learner,613.8979696146907,1.0,0.0
46,120.0,5.0,0.1,DR-learner minus S-learner,125.39359372078434,1.0,0.0
46,120.0,5.0,0.2,DR-learner minus S-learner,-570.1842584459519,0.0,0.0
46,120.0,5.0,0.3,DR-learner minus S-learner,-1101.1766284143705,0.0,0.0
46,120.0,10.0,0.1,DR-learner minus S-learner,80.39359372078434,1.0,0.0
46,120.0,10.0,0.2,DR-learner minus S-learner,-500.18425844595185,0.0,0.0
46,120.0,10.0,0.3,DR-learner minus S-learner,-936.1766284143705,0.0,0.0
46,120.0,20.0,0.1,DR-learner minus S-learner,-9.606406279215662,0.0,0.0
46,120.0,20.0,0.2,DR-learner minus S-learner,34.79962031206742,1.0,0.0
46,120.0,20.0,0.3,DR-learner minus S-learner,1635.0089144886842,1.0,0.0
47,40.0,5.0,0.1,DR-learner minus S-learner,-157.16095075683324,0.0,0.0
47,40.0,5.0,0.2,DR-learner minus S-learner,15.302445242994509,1.0,0.0
47,40.0,5.0,0.3,DR-learner minus S-learner,-14.671285262844322,0.0,0.0
47,40.0,10.0,0.1,DR-learner minus S-learner,227.33283098757488,1.0,0.0
47,40.0,10.0,0.2,DR-learner minus S-learner,220.23263849638874,1.0,0.0
47,40.0,10.0,0.3,DR-learner minus S-learner,220.23263849638874,1.0,0.0
47,40.0,20.0,0.1,DR-learner minus S-learner,0.0,0.0,1.0
47,40.0,20.0,0.2,DR-learner minus S-learner,0.0,0.0,1.0
47,40.0,20.0,0.3,DR-learner minus S-learner,0.0,0.0,1.0
47,80.0,5.0,0.1,DR-learner minus S-learner,-384.3219015136665,0.0,0.0
47,80.0,5.0,0.2,DR-learner minus S-learner,30.604890485989017,1.0,0.0
47,80.0,5.0,0.3,DR-learner minus S-learner,-59.21963149523799,0.0,0.0
47,80.0,10.0,0.1,DR-learner minus S-learner,-314.3219015136665,0.0,0.0
47,80.0,10.0,0.2,DR-learner minus S-learner,30.604890485989017,1.0,0.0
47,80.0,10.0,0.3,DR-learner minus S-learner,-29.342570525688643,0.0,0.0
47,80.0,20.0,0.1,DR-learner minus S-learner,454.66566197514976,1.0,0.0
47,80.0,20.0,0.2,DR-learner minus S-learner,440.4652769927775,1.0,0.0
47,80.0,20.0,0.3,DR-learner minus S-learner,440.4652769927775,1.0,0.0
47,120.0,5.0,0.1,DR-learner minus S-learner,-611.4828522704993,0.0,0.0
47,120.0,5.0,0.2,DR-learner minus S-learner,45.90733572898171,1.0,0.0
47,120.0,5.0,0.3,DR-learner minus S-learner,-88.82944724286426,0.0,0.0
47,120.0,10.0,0.1,DR-learner minus S-learner,-541.4828522704993,0.0,0.0
47,120.0,10.0,0.2,DR-learner minus S-learner,45.90733572898171,1.0,0.0
47,120.0,10.0,0.3,DR-learner minus S-learner,-88.82944724286426,0.0,0.0
47,120.0,20.0,0.1,DR-learner minus S-learner,-401.4828522704993,0.0,0.0
47,120.0,20.0,0.2,DR-learner minus S-learner,758.9866176880751,1.0,0.0
47,120.0,20.0,0.3,DR-learner minus S-learner,2564.9470587504184,1.0,0.0
48,40.0,5.0,0.1,DR-learner minus S-learner,-16.884621733061522,0.0,0.0
48,40.0,5.0,0.2,DR-learner minus S-learner,-124.7740469187529,0.0,0.0
48,40.0,5.0,0.3,DR-learner minus S-learner,-167.3985961047165,0.0,0.0
48,40.0,10.0,0.1,DR-learner minus S-learner,281.2545623985111,1.0,0.0
48,40.0,10.0,0.2,DR-learner minus S-learner,326.622159354607,1.0,0.0
48,40.0,10.0,0.3,DR-learner minus S-learner,177.82247299391474,1.0,0.0
48,40.0,20.0,0.1,DR-learner minus S-learner,-44.17113961483892,0.0,0.0
48,40.0,20.0,0.2,DR-learner minus S-learner,-44.17113961483892,0.0,0.0
48,40.0,20.0,0.3,DR-learner minus S-learner,-44.17113961483892,0.0,0.0
48,80.0,5.0,0.1,DR-learner minus S-learner,-33.769243466123044,0.0,0.0
48,80.0,5.0,0.2,DR-learner minus S-learner,-249.5480938375058,0.0,0.0
48,80.0,5.0,0.3,DR-learner minus S-learner,-334.797192209433,0.0,0.0
48,80.0,10.0,0.1,DR-learner minus S-learner,-33.769243466123044,0.0,0.0
48,80.0,10.0,0.2,DR-learner minus S-learner,-249.5480938375058,0.0,0.0
48,80.0,10.0,0.3,DR-learner minus S-learner,-334.797192209433,0.0,0.0
48,80.0,20.0,0.1,DR-learner minus S-learner,562.5091247970222,1.0,0.0
48,80.0,20.0,0.2,DR-learner minus S-learner,653.244318709214,1.0,0.0
48,80.0,20.0,0.3,DR-learner minus S-learner,355.6449459878295,1.0,0.0
48,120.0,5.0,0.1,DR-learner minus S-learner,-50.65386519918502,0.0,0.0
48,120.0,5.0,0.2,DR-learner minus S-learner,-374.3221407562596,0.0,0.0
48,120.0,5.0,0.3,DR-learner minus S-learner,-502.1957883141513,0.0,0.0
48,120.0,10.0,0.1,DR-learner minus S-learner,-50.65386519918502,0.0,0.0
48,120.0,10.0,0.2,DR-learner minus S-learner,-374.3221407562596,0.0,0.0
48,120.0,10.0,0.3,DR-learner minus S-learner,-502.1957883141513,0.0,0.0
48,120.0,20.0,0.1,DR-learner minus S-learner,-50.65386519918502,0.0,0.0
48,120.0,20.0,0.2,DR-learner minus S-learner,272.66957163740517,1.0,0.0
48,120.0,20.0,0.3,DR-learner minus S-learner,2247.2093035369653,1.0,0.0
49,40.0,5.0,0.1,DR-learner minus S-learner,78.53370408816772,1.0,0.0
49,40.0,5.0,0.2,DR-learner minus S-learner,87.51674840331634,1.0,0.0
49,40.0,5.0,0.3,DR-learner minus S-learner,107.8734022866447,1.0,0.0
49,40.0,10.0,0.1,DR-learner minus S-learner,153.33202834772374,1.0,0.0
49,40.0,10.0,0.2,DR-learner minus S-learner,218.85230466262055,1.0,0.0
49,40.0,10.0,0.3,DR-learner minus S-learner,-25.12961795706815,0.0,0.0
49,40.0,20.0,0.1,DR-learner minus S-learner,-68.46053896658367,0.0,0.0
49,40.0,20.0,0.2,DR-learner minus S-learner,-68.46053896658367,0.0,0.0
49,40.0,20.0,0.3,DR-learner minus S-learner,-68.46053896658367,0.0,0.0
49,80.0,5.0,0.1,DR-learner minus S-learner,222.06740817633545,1.0,0.0
49,80.0,5.0,0.2,DR-learner minus S-learner,330.0334968066327,1.0,0.0
49,80.0,5.0,0.3,DR-learner minus S-learner,540.7468045732894,1.0,0.0
49,80.0,10.0,0.1,DR-learner minus S-learner,157.06740817633545,1.0,0.0
49,80.0,10.0,0.2,DR-learner minus S-learner,175.03349680663268,1.0,0.0
49,80.0,10.0,0.3,DR-learner minus S-learner,215.7468045732894,1.0,0.0
49,80.0,20.0,0.1,DR-learner minus S-learner,306.66405669544747,1.0,0.0
49,80.0,20.0,0.2,DR-learner minus S-learner,437.7046093252411,1.0,0.0
49,80.0,20.0,0.3,DR-learner minus S-learner,-50.2592359141363,0.0,0.0
49,120.0,5.0,0.1,DR-learner minus S-learner,365.6011122645032,1.0,0.0
49,120.0,5.0,0.2,DR-learner minus S-learner,572.5502452099499,1.0,0.0
49,120.0,5.0,0.3,DR-learner minus S-learner,973.6202068599305,1.0,0.0
49,120.0,10.0,0.1,DR-learner minus S-learner,300.6011122645032,1.0,0.0
49,120.0,10.0,0.2,DR-learner minus S-learner,417.55024520994994,1.0,0.0
49,120.0,10.0,0.3,DR-learner minus S-learner,648.6202068599305,1.0,0.0
49,120.0,20.0,0.1,DR-learner minus S-learner,170.60111226450317,1.0,0.0
49,120.0,20.0,0.2,DR-learner minus S-learner,107.55024520994994,1.0,0.0
49,120.0,20.0,0.3,DR-learner minus S-learner,611.6058869366498,1.0,0.0
50,40.0,5.0,0.1,DR-learner minus S-learner,6.809934481946129,1.0,0.0
50,40.0,5.0,0.2,DR-learner minus S-learner,-202.21627018174604,0.0,0.0
50,40.0,5.0,0.3,DR-learner minus S-learner,-175.90507212325429,0.0,0.0
50,40.0,10.0,0.1,DR-learner minus S-learner,251.4474509529398,1.0,0.0
50,40.0,10.0,0.2,DR-learner minus S-learner,117.69173328382271,1.0,0.0
50,40.0,10.0,0.3,DR-learner minus S-learner,7.770884768334099,1.0,0.0
50,40.0,20.0,0.1,DR-learner minus S-learner,-10.590969739716037,0.0,0.0
50,40.0,20.0,0.2,DR-learner minus S-learner,-10.590969739716037,0.0,0.0
50,40.0,20.0,0.3,DR-learner minus S-learner,-10.590969739716037,0.0,0.0
50,80.0,5.0,0.1,DR-learner minus S-learner,13.619868963892259,1.0,0.0
50,80.0,5.0,0.2,DR-learner minus S-learner,-444.4325403634921,0.0,0.0
50,80.0,5.0,0.3,DR-learner minus S-learner,-351.81014424650857,0.0,0.0
50,80.0,10.0,0.1,DR-learner minus S-learner,13.619868963892259,1.0,0.0
50,80.0,10.0,0.2,DR-learner minus S-learner,-404.4325403634921,0.0,0.0
50,80.0,10.0,0.3,DR-learner minus S-learner,-351.81014424650857,0.0,0.0
50,80.0,20.0,0.1,DR-learner minus S-learner,502.8949019058796,1.0,0.0
50,80.0,20.0,0.2,DR-learner minus S-learner,235.38346656764543,1.0,0.0
50,80.0,20.0,0.3,DR-learner minus S-learner,15.541769536668198,1.0,0.0
50,120.0,5.0,0.1,DR-learner minus S-learner,20.429803445838843,1.0,0.0
50,120.0,5.0,0.2,DR-learner minus S-learner,-686.6488105452372,0.0,0.0
50,120.0,5.0,0.3,DR-learner minus S-learner,-527.715216369761,0.0,0.0
50,120.0,10.0,0.1,DR-learner minus S-learner,20.429803445838843,1.0,0.0
50,120.0,10.0,0.2,DR-learner minus S-learner,-646.6488105452372,0.0,0.0
50,120.0,10.0,0.3,DR-learner minus S-learner,-527.715216369761,0.0,0.0
50,120.0,20.0,0.1,DR-learner minus S-learner,20.429803445838843,1.0,0.0
50,120.0,20.0,0.2,DR-learner minus S-learner,-566.6488105452372,0.0,0.0
50,120.0,20.0,0.3,DR-learner minus S-learner,1214.8881363097498,1.0,0.0
51,40.0,5.0,0.1,DR-learner minus S-learner,-61.78259349452492,0.0,0.0
51,40.0,5.0,0.2,DR-learner minus S-learner,-151.14166794955509,0.0,0.0
51,40.0,5.0,0.3,DR-learner minus S-learner,-159.64283376551248,0.0,0.0
51,40.0,10.0,0.1,DR-learner minus S-learner,313.6001436035376,1.0,0.0
51,40.0,10.0,0.2,DR-learner minus S-learner,313.01558471215867,1.0,0.0
51,40.0,10.0,0.3,DR-learner minus S-learner,256.1860719037113,1.0,0.0
51,40.0,20.0,0.1,DR-learner minus S-learner,-37.013378043445584,0.0,0.0
51,40.0,20.0,0.2,DR-learner minus S-learner,-37.013378043445584,0.0,0.0
51,40.0,20.0,0.3,DR-learner minus S-learner,-37.013378043445584,0.0,0.0
51,80.0,5.0,0.1,DR-learner minus S-learner,-123.56518698904983,0.0,0.0
51,80.0,5.0,0.2,DR-learner minus S-learner,-302.28333589911017,0.0,0.0
51,80.0,5.0,0.3,DR-learner minus S-learner,-319.28566753102496,0.0,0.0
51,80.0,10.0,0.1,DR-learner minus S-learner,-123.56518698904983,0.0,0.0
51,80.0,10.0,0.2,DR-learner minus S-learner,-302.28333589911017,0.0,0.0
51,80.0,10.0,0.3,DR-learner minus S-learner,-319.28566753102496,0.0,0.0
51,80.0,20.0,0.1,DR-learner minus S-learner,627.2002872070752,1.0,0.0
51,80.0,20.0,0.2,DR-learner minus S-learner,626.0311694243173,1.0,0.0
51,80.0,20.0,0.3,DR-learner minus S-learner,512.3721438074226,1.0,0.0
51,120.0,5.0,0.1,DR-learner minus S-learner,-185.34778048357475,0.0,0.0
51,120.0,5.0,0.2,DR-learner minus S-learner,-453.42500384866435,0.0,0.0
51,120.0,5.0,0.3,DR-learner minus S-learner,-478.92850129653016,0.0,0.0
51,120.0,10.0,0.1,DR-learner minus S-learner,-185.34778048357475,0.0,0.0
51,120.0,10.0,0.2,DR-learner minus S-learner,-453.42500384866435,0.0,0.0
51,120.0,10.0,0.3,DR-learner minus S-learner,-478.92850129653016,0.0,0.0
51,120.0,20.0,0.1,DR-learner minus S-learner,-185.34778048357475,0.0,0.0
51,120.0,20.0,0.2,DR-learner minus S-learner,-224.68666748810938,0.0,0.0
51,120.0,20.0,0.3,DR-learner minus S-learner,1856.3896091600727,1.0,0.0
42,40.0,5.0,0.1,DR-learner minus T-learner,170.61900571731894,1.0,0.0
42,40.0,5.0,0.2,DR-learner minus T-learner,503.25199633419925,1.0,0.0
42,40.0,5.0,0.3,DR-learner minus T-learner,475.70501324229645,1.0,0.0
42,40.0,10.0,0.1,DR-learner minus T-learner,337.8798922046276,1.0,0.0
42,40.0,10.0,0.2,DR-learner minus T-learner,352.82246935505964,1.0,0.0
42,40.0,10.0,0.3,DR-learner minus T-learner,352.82246935505964,1.0,0.0
42,40.0,20.0,0.1,DR-learner minus T-learner,-8.221842610962915,0.0,0.0
42,40.0,20.0,0.2,DR-learner minus T-learner,-8.221842610962915,0.0,0.0
42,40.0,20.0,0.3,DR-learner minus T-learner,-8.221842610962915,0.0,0.0
42,80.0,5.0,0.1,DR-learner minus T-learner,281.2380114346379,1.0,0.0
42,80.0,5.0,0.2,DR-learner minus T-learner,1061.5039926683985,1.0,0.0
42,80.0,5.0,0.3,DR-learner minus T-learner,1036.410026484593,1.0,0.0
42,80.0,10.0,0.1,DR-learner minus T-learner,341.2380114346379,1.0,0.0
42,80.0,10.0,0.2,DR-learner minus T-learner,1006.5039926683985,1.0,0.0
42,80.0,10.0,0.3,DR-learner minus T-learner,951.4100264845929,1.0,0.0
42,80.0,20.0,0.1,DR-learner minus T-learner,675.7597844092552,1.0,0.0
42,80.0,20.0,0.2,DR-learner minus T-learner,705.6449387101193,1.0,0.0
42,80.0,20.0,0.3,DR-learner minus T-learner,705.6449387101193,1.0,0.0
42,120.0,5.0,0.1,DR-learner minus T-learner,391.8570171519568,1.0,0.0
42,120.0,5.0,0.2,DR-learner minus T-learner,1619.7559890025987,1.0,0.0
42,120.0,5.0,0.3,DR-learner minus T-learner,1597.1150397268902,1.0,0.0
42,120.0,10.0,0.1,DR-learner minus T-learner,451.8570171519568,1.0,0.0
42,120.0,10.0,0.2,DR-learner minus T-learner,1564.7559890025987,1.0,0.0
42,120.0,10.0,0.3,DR-learner minus T-learner,1512.1150397268902,1.0,0.0
42,120.0,20.0,0.1,DR-learner minus T-learner,571.8570171519568,1.0,0.0
42,120.0,20.0,0.2,DR-learner minus T-learner,1476.1812365060032,1.0,0.0
42,120.0,20.0,0.3,DR-learner minus T-learner,2872.4189714967506,1.0,0.0
43,40.0,5.0,0.1,DR-learner minus T-learner,183.08367784142456,1.0,0.0
43,40.0,5.0,0.2,DR-learner minus T-learner,277.522897936321,1.0,0.0
43,40.0,5.0,0.3,DR-learner minus T-learner,269.54964070358074,1.0,0.0
43,40.0,10.0,0.1,DR-learner minus T-learner,286.51265637223423,1.0,0.0
43,40.0,10.0,0.2,DR-learner minus T-learner,427.3217294679098,1.0,0.0
43,40.0,10.0,0.3,DR-learner minus T-learner,349.9750862360961,1.0,0.0
43,40.0,20.0,0.1,DR-learner minus T-learner,-28.746085625312354,0.0,0.0
43,40.0,20.0,0.2,DR-learner minus T-learner,-28.746085625312354,0.0,0.0
43,40.0,20.0,0.3,DR-learner minus T-learner,-28.746085625312354,0.0,0.0
43,80.0,5.0,0.1,DR-learner minus T-learner,456.1673556828491,1.0,0.0
43,80.0,5.0,0.2,DR-learner minus T-learner,555.045795872642,1.0,0.0
43,80.0,5.0,0.3,DR-learner minus T-learner,539.0992814071615,1.0,0.0
43,80.0,10.0,0.1,DR-learner minus T-learner,366.1673556828491,1.0,0.0
43,80.0,10.0,0.2,DR-learner minus T-learner,555.045795872642,1.0,0.0
43,80.0,10.0,0.3,DR-learner minus T-learner,539.0992814071615,1.0,0.0
43,80.0,20.0,0.1,DR-learner minus T-learner,573.0253127444685,1.0,0.0
43,80.0,20.0,0.2,DR-learner minus T-learner,854.6434589358196,1.0,0.0
43,80.0,20.0,0.3,DR-learner minus T-learner,699.9501724721922,1.0,0.0
43,120.0,5.0,0.1,DR-learner minus T-learner,729.2510335242732,1.0,0.0
43,120.0,5.0,0.2,DR-learner minus T-learner,832.5686938089639,1.0,0.0
43,120.0,5.0,0.3,DR-learner minus T-learner,808.648922110744,1.0,0.0
43,120.0,10.0,0.1,DR-learner minus T-learner,639.2510335242732,1.0,0.0
43,120.0,10.0,0.2,DR-learner minus T-learner,832.5686938089639,1.0,0.0
43,120.0,10.0,0.3,DR-learner minus T-learner,808.648922110744,1.0,0.0
43,120.0,20.0,0.1,DR-learner minus T-learner,459.2510335242732,1.0,0.0
43,120.0,20.0,0.2,DR-learner minus T-learner,832.5686938089639,1.0,0.0
43,120.0,20.0,0.3,DR-learner minus T-learner,1885.063780612989,1.0,0.0
44,40.0,5.0,0.1,DR-learner minus T-learner,79.39678080940439,1.0,0.0
44,40.0,5.0,0.2,DR-learner minus T-learner,253.45446182277283,1.0,0.0
44,40.0,5.0,0.3,DR-learner minus T-learner,257.27699220298746,1.0,0.0
44,40.0,10.0,0.1,DR-learner minus T-learner,359.1665957827124,1.0,0.0
44,40.0,10.0,0.2,DR-learner minus T-learner,478.3592056603122,1.0,0.0
44,40.0,10.0,0.3,DR-learner minus T-learner,470.49336112486003,1.0,0.0
44,40.0,20.0,0.1,DR-learner minus T-learner,0.0,0.0,1.0
44,40.0,20.0,0.2,DR-learner minus T-learner,0.0,0.0,1.0
44,40.0,20.0,0.3,DR-learner minus T-learner,0.0,0.0,1.0
44,80.0,5.0,0.1,DR-learner minus T-learner,158.79356161880878,1.0,0.0
44,80.0,5.0,0.2,DR-learner minus T-learner,506.90892364554566,1.0,0.0
44,80.0,5.0,0.3,DR-learner minus T-learner,514.5539844059749,1.0,0.0
44,80.0,10.0,0.1,DR-learner minus T-learner,158.79356161880878,1.0,0.0
44,80.0,10.0,0.2,DR-learner minus T-learner,506.90892364554566,1.0,0.0
44,80.0,10.0,0.3,DR-learner minus T-learner,514.5539844059749,1.0,0.0
44,80.0,20.0,0.1,DR-learner minus T-learner,718.3331915654248,1.0,0.0
44,80.0,20.0,0.2,DR-learner minus T-learner,956.7184113206245,1.0,0.0
44,80.0,20.0,0.3,DR-learner minus T-learner,940.9867222497201,1.0,0.0
44,120.0,5.0,0.1,DR-learner minus T-learner,238.19034242821363,1.0,0.0
44,120.0,5.0,0.2,DR-learner minus T-learner,760.3633854683176,1.0,0.0
44,120.0,5.0,0.3,DR-learner minus T-learner,771.8309766089624,1.0,0.0
44,120.0,10.0,0.1,DR-learner minus T-learner,238.19034242821363,1.0,0.0
44,120.0,10.0,0.2,DR-learner minus T-learner,760.3633854683176,1.0,0.0
44,120.0,10.0,0.3,DR-learner minus T-learner,771.8309766089624,1.0,0.0
44,120.0,20.0,0.1,DR-learner minus T-learner,238.19034242821363,1.0,0.0
44,120.0,20.0,0.2,DR-learner minus T-learner,807.246330808237,1.0,0.0
44,120.0,20.0,0.3,DR-learner minus T-learner,2783.657920793652,1.0,0.0
45,40.0,5.0,0.1,DR-learner minus T-learner,88.5247738624007,1.0,0.0
45,40.0,5.0,0.2,DR-learner minus T-learner,84.66149030100223,1.0,0.0
45,40.0,5.0,0.3,DR-learner minus T-learner,156.71758242666692,1.0,0.0
45,40.0,10.0,0.1,DR-learner minus T-learner,263.87829003789284,1.0,0.0
45,40.0,10.0,0.2,DR-learner minus T-learner,324.67497686885963,1.0,0.0
45,40.0,10.0,0.3,DR-learner minus T-learner,167.088685781021,1.0,0.0
45,40.0,20.0,0.1,DR-learner minus T-learner,-40.35705052240071,0.0,0.0
45,40.0,20.0,0.2,DR-learner minus T-learner,-40.35705052240071,0.0,0.0
45,40.0,20.0,0.3,DR-learner minus T-learner,-40.35705052240071,0.0,0.0
45,80.0,5.0,0.1,DR-learner minus T-learner,82.04954772480141,1.0,0.0
45,80.0,5.0,0.2,DR-learner minus T-learner,-55.67701939799554,0.0,0.0
45,80.0,5.0,0.3,DR-learner minus T-learner,393.43516485333384,1.0,0.0
45,80.0,10.0,0.1,DR-learner minus T-learner,177.0495477248014,1.0,0.0
45,80.0,10.0,0.2,DR-learner minus T-learner,169.32298060200446,1.0,0.0
45,80.0,10.0,0.3,DR-learner minus T-learner,313.43516485333384,1.0,0.0
45,80.0,20.0,0.1,DR-learner minus T-learner,527.7565800757857,1.0,0.0
45,80.0,20.0,0.2,DR-learner minus T-learner,649.3499537377193,1.0,0.0
45,80.0,20.0,0.3,DR-learner minus T-learner,334.177371562042,1.0,0.0
45,120.0,5.0,0.1,DR-learner minus T-learner,75.57432158720258,1.0,0.0
45,120.0,5.0,0.2,DR-learner minus T-learner,-196.0155290969924,0.0,0.0
45,120.0,5.0,0.3,DR-learner minus T-learner,630.1527472799971,1.0,0.0
45,120.0,10.0,0.1,DR-learner minus T-learner,170.57432158720258,1.0,0.0
45,120.0,10.0,0.2,DR-learner minus T-learner,28.984470903007605,1.0,0.0
45,120.0,10.0,0.3,DR-learner minus T-learner,550.1527472799971,1.0,0.0
45,120.0,20.0,0.1,DR-learner minus T-learner,360.5743215872026,1.0,0.0
45,120.0,20.0,0.2,DR-learner minus T-learner,478.9844709030076,1.0,0.0
45,120.0,20.0,0.3,DR-learner minus T-learner,1237.149935939673,1.0,0.0
46,40.0,5.0,0.1,DR-learner minus T-learner,-29.01170730634567,0.0,0.0
46,40.0,5.0,0.2,DR-learner minus T-learner,61.1694258124553,1.0,0.0
46,40.0,5.0,0.3,DR-learner minus T-learner,156.91803852418707,1.0,0.0
46,40.0,10.0,0.1,DR-learner minus T-learner,188.78144152407003,1.0,0.0
46,40.0,10.0,0.2,DR-learner minus T-learner,212.5977932828555,1.0,0.0
46,40.0,10.0,0.3,DR-learner minus T-learner,180.76284006520473,1.0,0.0
46,40.0,20.0,0.1,DR-learner minus T-learner,-6.467784476875195,0.0,0.0
46,40.0,20.0,0.2,DR-learner minus T-learner,-6.467784476875195,0.0,0.0
46,40.0,20.0,0.3,DR-learner minus T-learner,-6.467784476875195,0.0,0.0
46,80.0,5.0,0.1,DR-learner minus T-learner,-103.02341461269134,0.0,0.0
46,80.0,5.0,0.2,DR-learner minus T-learner,107.3388516249106,1.0,0.0
46,80.0,5.0,0.3,DR-learner minus T-learner,233.83607704837414,1.0,0.0
46,80.0,10.0,0.1,DR-learner minus T-learner,-58.02341461269134,0.0,0.0
46,80.0,10.0,0.2,DR-learner minus T-learner,122.3388516249106,1.0,0.0
46,80.0,10.0,0.3,DR-learner minus T-learner,313.83607704837414,1.0,0.0
46,80.0,20.0,0.1,DR-learner minus T-learner,377.56288304814007,1.0,0.0
46,80.0,20.0,0.2,DR-learner minus T-learner,425.195586565711,1.0,0.0
46,80.0,20.0,0.3,DR-learner minus T-learner,361.52568013040946,1.0,0.0
46,120.0,5.0,0.1,DR-learner minus T-learner,-177.0351219190361,0.0,0.0
46,120.0,5.0,0.2,DR-learner minus T-learner,153.5082774373659,1.0,0.0
46,120.0,5.0,0.3,DR-learner minus T-learner,310.7541155725594,1.0,0.0
46,120.0,10.0,0.1,DR-learner minus T-learner,-132.0351219190361,0.0,0.0
46,120.0,10.0,0.2,DR-learner minus T-learner,168.5082774373659,1.0,0.0
46,120.0,10.0,0.3,DR-learner minus T-learner,390.7541155725594,1.0,0.0
46,120.0,20.0,0.1,DR-learner minus T-learner,-42.0351219190361,0.0,0.0
46,120.0,20.0,0.2,DR-learner minus T-learner,198.5082774373659,1.0,0.0
46,120.0,20.0,0.3,DR-learner minus T-learner,1198.1665132650414,1.0,0.0
47,40.0,5.0,0.1,DR-learner minus T-learner,52.794576631056316,1.0,0.0
47,40.0,5.0,0.2,DR-learner minus T-learner,118.44398289066157,1.0,0.0
47,40.0,5.0,0.3,DR-learner minus T-learner,159.62246778179178,1.0,0.0
47,40.0,10.0,0.1,DR-learner minus T-learner,205.12971043478046,1.0,0.0
47,40.0,10.0,0.2,DR-learner minus T-learner,198.02951794359433,1.0,0.0
47,40.0,10.0,0.3,DR-learner minus T-learner,198.02951794359433,1.0,0.0
47,40.0,20.0,0.1,DR-learner minus T-learner,0.0,0.0,1.0
47,40.0,20.0,0.2,DR-learner minus T-learner,0.0,0.0,1.0
47,40.0,20.0,0.3,DR-learner minus T-learner,0.0,0.0,1.0
47,80.0,5.0,0.1,DR-learner minus T-learner,35.58915326211263,1.0,0.0
47,80.0,5.0,0.2,DR-learner minus T-learner,236.88796578132315,1.0,0.0
47,80.0,5.0,0.3,DR-learner minus T-learner,319.24493556358357,1.0,0.0
47,80.0,10.0,0.1,DR-learner minus T-learner,105.58915326211263,1.0,0.0
47,80.0,10.0,0.2,DR-learner minus T-learner,236.88796578132315,1.0,0.0
47,80.0,10.0,0.3,DR-learner minus T-learner,319.24493556358357,1.0,0.0
47,80.0,20.0,0.1,DR-learner minus T-learner,410.2594208695609,1.0,0.0
47,80.0,20.0,0.2,DR-learner minus T-learner,396.05903588718866,1.0,0.0
47,80.0,20.0,0.3,DR-learner minus T-learner,396.05903588718866,1.0,0.0
47,120.0,5.0,0.1,DR-learner minus T-learner,18.38372989317031,1.0,0.0
47,120.0,5.0,0.2,DR-learner minus T-learner,355.3319486719847,1.0,0.0
47,120.0,5.0,0.3,DR-learner minus T-learner,478.8674033453717,1.0,0.0
47,120.0,10.0,0.1,DR-learner minus T-learner,88.38372989317031,1.0,0.0
47,120.0,10.0,0.2,DR-learner minus T-learner,355.3319486719847,1.0,0.0
47,120.0,10.0,0.3,DR-learner minus T-learner,478.8674033453717,1.0,0.0
47,120.0,20.0,0.1,DR-learner minus T-learner,228.3837298931703,1.0,0.0
47,120.0,20.0,0.2,DR-learner minus T-learner,355.3319486719847,1.0,0.0
47,120.0,20.0,0.3,DR-learner minus T-learner,1804.6491178932156,1.0,0.0
48,40.0,5.0,0.1,DR-learner minus T-learner,88.2107933706111,1.0,0.0
48,40.0,5.0,0.2,DR-learner minus T-learner,238.01203316798455,1.0,0.0
48,40.0,5.0,0.3,DR-learner minus T-learner,258.99457082949084,1.0,0.0
48,40.0,10.0,0.1,DR-learner minus T-learner,181.03608644406086,1.0,0.0
48,40.0,10.0,0.2,DR-learner minus T-learner,226.40368340015675,1.0,0.0
48,40.0,10.0,0.3,DR-learner minus T-learner,77.6039970394645,1.0,0.0
48,40.0,20.0,0.1,DR-learner minus T-learner,-44.17113961483892,0.0,0.0
48,40.0,20.0,0.2,DR-learner minus T-learner,-44.17113961483892,0.0,0.0
48,40.0,20.0,0.3,DR-learner minus T-learner,-44.17113961483892,0.0,0.0
48,80.0,5.0,0.1,DR-learner minus T-learner,176.4215867412222,1.0,0.0
48,80.0,5.0,0.2,DR-learner minus T-learner,476.0240663359691,1.0,0.0
48,80.0,5.0,0.3,DR-learner minus T-learner,517.9891416589817,1.0,0.0
48,80.0,10.0,0.1,DR-learner minus T-learner,176.4215867412222,1.0,0.0
48,80.0,10.0,0.2,DR-learner minus T-learner,476.0240663359691,1.0,0.0
48,80.0,10.0,0.3,DR-learner minus T-learner,517.9891416589817,1.0,0.0
48,80.0,20.0,0.1,DR-learner minus T-learner,362.0721728881217,1.0,0.0
48,80.0,20.0,0.2,DR-learner minus T-learner,452.8073668003135,1.0,0.0
48,80.0,20.0,0.3,DR-learner minus T-learner,155.207994078929,1.0,0.0
48,120.0,5.0,0.1,DR-learner minus T-learner,264.6323801118324,1.0,0.0
48,120.0,5.0,0.2,DR-learner minus T-learner,714.0360995039518,1.0,0.0
48,120.0,5.0,0.3,DR-learner minus T-learner,776.9837124884725,1.0,0.0
48,120.0,10.0,0.1,DR-learner minus T-learner,264.6323801118324,1.0,0.0
48,120.0,10.0,0.2,DR-learner minus T-learner,714.0360995039518,1.0,0.0
48,120.0,10.0,0.3,DR-learner minus T-learner,776.9837124884725,1.0,0.0
48,120.0,20.0,0.1,DR-learner minus T-learner,264.6323801118324,1.0,0.0
48,120.0,20.0,0.2,DR-learner minus T-learner,714.0360995039518,1.0,0.0
48,120.0,20.0,0.3,DR-learner minus T-learner,1980.3625930455673,1.0,0.0
49,40.0,5.0,0.1,DR-learner minus T-learner,56.73239128580599,1.0,0.0
49,40.0,5.0,0.2,DR-learner minus T-learner,55.93928256980416,1.0,0.0
49,40.0,5.0,0.3,DR-learner minus T-learner,206.28775291191596,1.0,0.0
49,40.0,10.0,0.1,DR-learner minus T-learner,167.9439378428783,1.0,0.0
49,40.0,10.0,0.2,DR-learner minus T-learner,233.46421415777513,1.0,0.0
49,40.0,10.0,0.3,DR-learner minus T-learner,-10.517708461913571,0.0,0.0
49,40.0,20.0,0.1,DR-learner minus T-learner,-68.46053896658367,0.0,0.0
49,40.0,20.0,0.2,DR-learner minus T-learner,-68.46053896658367,0.0,0.0
49,40.0,20.0,0.3,DR-learner minus T-learner,-68.46053896658367,0.0,0.0
49,80.0,5.0,0.1,DR-learner minus T-learner,128.46478257161198,1.0,0.0
49,80.0,5.0,0.2,DR-learner minus T-learner,41.87856513960833,1.0,0.0
49,80.0,5.0,0.3,DR-learner minus T-learner,512.5755058238319,1.0,0.0
49,80.0,10.0,0.1,DR-learner minus T-learner,113.46478257161198,1.0,0.0
49,80.0,10.0,0.2,DR-learner minus T-learner,111.87856513960833,1.0,0.0
49,80.0,10.0,0.3,DR-learner minus T-learner,412.5755058238319,1.0,0.0
49,80.0,20.0,0.1,DR-learner minus T-learner,335.8878756857566,1.0,0.0
49,80.0,20.0,0.2,DR-learner minus T-learner,466.92842831555026,1.0,0.0
49,80.0,20.0,0.3,DR-learner minus T-learner,-21.035416923827142,0.0,0.0
49,120.0,5.0,0.1,DR-learner minus T-learner,200.1971738574175,1.0,0.0
49,120.0,5.0,0.2,DR-learner minus T-learner,27.81784770941158,1.0,0.0
49,120.0,5.0,0.3,DR-learner minus T-learner,818.8632587357497,1.0,0.0
49,120.0,10.0,0.1,DR-learner minus T-learner,185.1971738574175,1.0,0.0
49,120.0,10.0,0.2,DR-learner minus T-learner,97.81784770941158,1.0,0.0
49,120.0,10.0,0.3,DR-learner minus T-learner,718.8632587357497,1.0,0.0
49,120.0,20.0,0.1,DR-learner minus T-learner,155.1971738574175,1.0,0.0
49,120.0,20.0,0.2,DR-learner minus T-learner,237.81784770941158,1.0,0.0
49,120.0,20.0,0.3,DR-learner minus T-learner,1288.9086075883097,1.0,0.0
50,40.0,5.0,0.1,DR-learner minus T-learner,153.02365973833048,1.0,0.0
50,40.0,5.0,0.2,DR-learner minus T-learner,-23.654381506657955,0.0,0.0
50,40.0,5.0,0.3,DR-learner minus T-learner,-27.930316336918622,0.0,0.0
50,40.0,10.0,0.1,DR-learner minus T-learner,208.77003184889827,1.0,0.0
50,40.0,10.0,0.2,DR-learner minus T-learner,75.0143141797812,1.0,0.0
50,40.0,10.0,0.3,DR-learner minus T-learner,-34.90653433570742,0.0,0.0
50,40.0,20.0,0.1,DR-learner minus T-learner,-10.590969739716037,0.0,0.0
50,40.0,20.0,0.2,DR-learner minus T-learner,-10.590969739716037,0.0,0.0
50,40.0,20.0,0.3,DR-learner minus T-learner,-10.590969739716037,0.0,0.0
50,80.0,5.0,0.1,DR-learner minus T-learner,306.04731947666096,1.0,0.0
50,80.0,5.0,0.2,DR-learner minus T-learner,-87.30876301331591,0.0,0.0
50,80.0,5.0,0.3,DR-learner minus T-learner,-55.860632673837245,0.0,0.0
50,80.0,10.0,0.1,DR-learner minus T-learner,306.04731947666096,1.0,0.0
50,80.0,10.0,0.2,DR-learner minus T-learner,-47.30876301331591,0.0,0.0
50,80.0,10.0,0.3,DR-learner minus T-learner,-55.860632673837245,0.0,0.0
50,80.0,20.0,0.1,DR-learner minus T-learner,417.54006369779654,1.0,0.0
50,80.0,20.0,0.2,DR-learner minus T-learner,150.0286283595624,1.0,0.0
50,80.0,20.0,0.3,DR-learner minus T-learner,-69.81306867141484,0.0,0.0
50,120.0,5.0,0.1,DR-learner minus T-learner,459.0709792149919,1.0,0.0
50,120.0,5.0,0.2,DR-learner minus T-learner,-150.96314451997387,0.0,0.0
50,120.0,5.0,0.3,DR-learner minus T-learner,-83.79094901074859,0.0,0.0
50,120.0,10.0,0.1,DR-learner minus T-learner,459.0709792149919,1.0,0.0
50,120.0,10.0,0.2,DR-learner minus T-learner,-110.96314451997387,0.0,0.0
50,120.0,10.0,0.3,DR-learner minus T-learner,-83.79094901074859,0.0,0.0
50,120.0,20.0,0.1,DR-learner minus T-learner,459.0709792149919,1.0,0.0
50,120.0,20.0,0.2,DR-learner minus T-learner,-30.963144519973866,0.0,0.0
50,120.0,20.0,0.3,DR-learner minus T-learner,696.1084880482485,1.0,0.0
51,40.0,5.0,0.1,DR-learner minus T-learner,68.8688974045258,1.0,0.0
51,40.0,5.0,0.2,DR-learner minus T-learner,49.740283111064855,1.0,0.0
51,40.0,5.0,0.3,DR-learner minus T-learner,141.08256299367167,1.0,0.0
51,40.0,10.0,0.1,DR-learner minus T-learner,228.28819719813146,1.0,0.0
51,40.0,10.0,0.2,DR-learner minus T-learner,227.7036383067525,1.0,0.0
51,40.0,10.0,0.3,DR-learner minus T-learner,170.87412549830515,1.0,0.0
51,40.0,20.0,0.1,DR-learner minus T-learner,-37.013378043445584,0.0,0.0
51,40.0,20.0,0.2,DR-learner minus T-learner,-37.013378043445584,0.0,0.0
51,40.0,20.0,0.3,DR-learner minus T-learner,-37.013378043445584,0.0,0.0
51,80.0,5.0,0.1,DR-learner minus T-learner,137.7377948090516,1.0,0.0
51,80.0,5.0,0.2,DR-learner minus T-learner,99.48056622212971,1.0,0.0
51,80.0,5.0,0.3,DR-learner minus T-learner,282.16512598734334,1.0,0.0
51,80.0,10.0,0.1,DR-learner minus T-learner,137.7377948090516,1.0,0.0
51,80.0,10.0,0.2,DR-learner minus T-learner,99.48056622212971,1.0,0.0
51,80.0,10.0,0.3,DR-learner minus T-learner,282.16512598734334,1.0,0.0
51,80.0,20.0,0.1,DR-learner minus T-learner,456.5763943962629,1.0,0.0
51,80.0,20.0,0.2,DR-learner minus T-learner,455.407276613505,1.0,0.0
51,80.0,20.0,0.3,DR-learner minus T-learner,341.7482509966103,1.0,0.0
51,120.0,5.0,0.1,DR-learner minus T-learner,206.60669221357784,1.0,0.0
51,120.0,5.0,0.2,DR-learner minus T-learner,149.22084933319638,1.0,0.0
51,120.0,5.0,0.3,DR-learner minus T-learner,423.2476889810205,1.0,0.0
51,120.0,10.0,0.1,DR-learner minus T-learner,206.60669221357784,1.0,0.0
51,120.0,10.0,0.2,DR-learner minus T-learner,149.22084933319638,1.0,0.0
51,120.0,10.0,0.3,DR-learner minus T-learner,423.2476889810205,1.0,0.0
51,120.0,20.0,0.1,DR-learner minus T-learner,206.60669221357784,1.0,0.0
51,120.0,20.0,0.2,DR-learner minus T-learner,149.22084933319638,1.0,0.0
51,120.0,20.0,0.3,DR-learner minus T-learner,1863.8421353428748,1.0,0.0
42,40.0,5.0,0.1,S-learner minus T-learner,142.4334857423678,1.0,0.0
42,40.0,5.0,0.2,S-learner minus T-learner,329.3276324948447,1.0,0.0
42,40.0,5.0,0.3,S-learner minus T-learner,21.94650091251151,1.0,0.0
42,40.0,10.0,0.1,S-learner minus T-learner,-68.96913439653304,0.0,0.0
42,40.0,10.0,0.2,S-learner minus T-learner,-68.96913439653304,0.0,0.0
42,40.0,10.0,0.3,S-learner minus T-learner,-68.96913439653304,0.0,0.0
42,40.0,20.0,0.1,S-learner minus T-learner,0.0,0.0,1.0
42,40.0,20.0,0.2,S-learner minus T-learner,0.0,0.0,1.0
42,40.0,20.0,0.3,S-learner minus T-learner,0.0,0.0,1.0
42,80.0,5.0,0.1,S-learner minus T-learner,199.8669714847356,1.0,0.0
42,80.0,5.0,0.2,S-learner minus T-learner,633.6552649896894,1.0,0.0
42,80.0,5.0,0.3,S-learner minus T-learner,944.6387457704895,1.0,0.0
42,80.0,10.0,0.1,S-learner minus T-learner,284.8669714847356,1.0,0.0
42,80.0,10.0,0.2,S-learner minus T-learner,658.6552649896894,1.0,0.0
42,80.0,10.0,0.3,S-learner minus T-learner,43.89300182502302,1.0,0.0
42,80.0,20.0,0.1,S-learner minus T-learner,-137.93826879306607,0.0,0.0
42,80.0,20.0,0.2,S-learner minus T-learner,-137.93826879306607,0.0,0.0
42,80.0,20.0,0.3,S-learner minus T-learner,-137.93826879306607,0.0,0.0
42,120.0,5.0,0.1,S-learner minus T-learner,257.30045722710383,1.0,0.0
42,120.0,5.0,0.2,S-learner minus T-learner,937.9828974845332,1.0,0.0
42,120.0,5.0,0.3,S-learner minus T-learner,1446.9581186557334,1.0,0.0
42,120.0,10.0,0.1,S-learner minus T-learner,342.30045722710383,1.0,0.0
42,120.0,10.0,0.2,S-learner minus T-learner,962.9828974845332,1.0,0.0
42,120.0,10.0,0.3,S-learner minus T-learner,1386.9581186557334,1.0,0.0
42,120.0,20.0,0.1,S-learner minus T-learner,512.3004572271038,1.0,0.0
42,120.0,20.0,0.2,S-learner minus T-learner,-940.05171892832,0.0,0.0
42,120.0,20.0,0.3,S-learner minus T-learner,-940.05171892832,0.0,0.0
43,40.0,5.0,0.1,S-learner minus T-learner,230.87928350316088,1.0,0.0
43,40.0,5.0,0.2,S-learner minus T-learner,395.8320328681748,1.0,0.0
43,40.0,5.0,0.3,S-learner minus T-learner,442.9720840021946,1.0,0.0
43,40.0,10.0,0.1,S-learner minus T-learner,-200.3074536006062,0.0,0.0
43,40.0,10.0,0.2,S-learner minus T-learner,-200.3074536006062,0.0,0.0
43,40.0,10.0,0.3,S-learner minus T-learner,-200.3074536006062,0.0,0.0
43,40.0,20.0,0.1,S-learner minus T-learner,0.0,0.0,1.0
43,40.0,20.0,0.2,S-learner minus T-learner,0.0,0.0,1.0
43,40.0,20.0,0.3,S-learner minus T-learner,0.0,0.0,1.0
43,80.0,5.0,0.1,S-learner minus T-learner,516.7585670063218,1.0,0.0
43,80.0,5.0,0.2,S-learner minus T-learner,791.6640657363496,1.0,0.0
43,80.0,5.0,0.3,S-learner minus T-learner,885.9441680043892,1.0,0.0
43,80.0,10.0,0.1,S-learner minus T-learner,461.75856700632175,1.0,0.0
43,80.0,10.0,0.2,S-learner minus T-learner,791.6640657363496,1.0,0.0
43,80.0,10.0,0.3,S-learner minus T-learner,885.9441680043892,1.0,0.0
43,80.0,20.0,0.1,S-learner minus T-learner,-400.6149072012124,0.0,0.0
43,80.0,20.0,0.2,S-learner minus T-learner,-400.6149072012124,0.0,0.0
43,80.0,20.0,0.3,S-learner minus T-learner,-400.6149072012124,0.0,0.0
43,120.0,5.0,0.1,S-learner minus T-learner,802.6378505094835,1.0,0.0
43,120.0,5.0,0.2,S-learner minus T-learner,1187.4960986045226,1.0,0.0
43,120.0,5.0,0.3,S-learner minus T-learner,1328.9162520065838,1.0,0.0
43,120.0,10.0,0.1,S-learner minus T-learner,747.6378505094835,1.0,0.0
43,120.0,10.0,0.2,S-learner minus T-learner,1187.4960986045226,1.0,0.0
43,120.0,10.0,0.3,S-learner minus T-learner,1328.9162520065838,1.0,0.0
43,120.0,20.0,0.1,S-learner minus T-learner,637.6378505094835,1.0,0.0
43,120.0,20.0,0.2,S-learner minus T-learner,52.59810172983998,1.0,0.0
43,120.0,20.0,0.3,S-learner minus T-learner,-718.8173533900917,0.0,0.0
44,40.0,5.0,0.1,S-learner minus T-learner,116.15175189971433,1.0,0.0
44,40.0,5.0,0.2,S-learner minus T-learner,261.6724897289405,1.0,0.0
44,40.0,5.0,0.3,S-learner minus T-learner,146.5499130967546,1.0,0.0
44,40.0,10.0,0.1,S-learner minus T-learner,-201.32657756816707,0.0,0.0
44,40.0,10.0,0.2,S-learner minus T-learner,-201.32657756816707,0.0,0.0
44,40.0,10.0,0.3,S-learner minus T-learner,-201.32657756816707,0.0,0.0
44,40.0,20.0,0.1,S-learner minus T-learner,0.0,0.0,1.0
44,40.0,20.0,0.2,S-learner minus T-learner,0.0,0.0,1.0
44,40.0,20.0,0.3,S-learner minus T-learner,0.0,0.0,1.0
44,80.0,5.0,0.1,S-learner minus T-learner,232.30350379942865,1.0,0.0
44,80.0,5.0,0.2,S-learner minus T-learner,523.344979457881,1.0,0.0
44,80.0,5.0,0.3,S-learner minus T-learner,483.31577322948215,1.0,0.0
44,80.0,10.0,0.1,S-learner minus T-learner,232.30350379942865,1.0,0.0
44,80.0,10.0,0.2,S-learner minus T-learner,523.344979457881,1.0,0.0
44,80.0,10.0,0.3,S-learner minus T-learner,293.0998261935092,1.0,0.0
44,80.0,20.0,0.1,S-learner minus T-learner,-402.65315513633414,0.0,0.0
44,80.0,20.0,0.2,S-learner minus T-learner,-402.65315513633414,0.0,0.0
44,80.0,20.0,0.3,S-learner minus T-learner,-402.65315513633414,0.0,0.0
44,120.0,5.0,0.1,S-learner minus T-learner,348.45525569914207,1.0,0.0
44,120.0,5.0,0.2,S-learner minus T-learner,785.0174691868197,1.0,0.0
44,120.0,5.0,0.3,S-learner minus T-learner,724.973659844225,1.0,0.0
44,120.0,10.0,0.1,S-learner minus T-learner,348.45525569914207,1.0,0.0
44,120.0,10.0,0.2,S-learner minus T-learner,785.0174691868197,1.0,0.0
44,120.0,10.0,0.3,S-learner minus T-learner,724.973659844225,1.0,0.0
44,120.0,20.0,0.1,S-learner minus T-learner,348.45525569914207,1.0,0.0
44,120.0,20.0,0.2,S-learner minus T-learner,-1084.3463207248788,0.0,0.0
44,120.0,20.0,0.3,S-learner minus T-learner,-1084.3463207248788,0.0,0.0
45,40.0,5.0,0.1,S-learner minus T-learner,241.59740909957054,1.0,0.0
45,40.0,5.0,0.2,S-learner minus T-learner,279.3547877361243,1.0,0.0
45,40.0,5.0,0.3,S-learner minus T-learner,330.538009574062,1.0,0.0
45,40.0,10.0,0.1,S-learner minus T-learner,53.20422568698427,1.0,0.0
45,40.0,10.0,0.2,S-learner minus T-learner,53.20422568698427,1.0,0.0
45,40.0,10.0,0.3,S-learner minus T-learner,53.20422568698427,1.0,0.0
45,40.0,20.0,0.1,S-learner minus T-learner,0.0,0.0,1.0
45,40.0,20.0,0.2,S-learner minus T-learner,0.0,0.0,1.0
45,40.0,20.0,0.3,S-learner minus T-learner,0.0,0.0,1.0
45,80.0,5.0,0.1,S-learner minus T-learner,523.1948181991411,1.0,0.0
45,80.0,5.0,0.2,S-learner minus T-learner,513.7095754722486,1.0,0.0
45,80.0,5.0,0.3,S-learner minus T-learner,726.076019148124,1.0,0.0
45,80.0,10.0,0.1,S-learner minus T-learner,483.1948181991411,1.0,0.0
45,80.0,10.0,0.2,S-learner minus T-learner,558.7095754722486,1.0,0.0
45,80.0,10.0,0.3,S-learner minus T-learner,661.076019148124,1.0,0.0
45,80.0,20.0,0.1,S-learner minus T-learner,106.40845137396855,1.0,0.0
45,80.0,20.0,0.2,S-learner minus T-learner,106.40845137396855,1.0,0.0
45,80.0,20.0,0.3,S-learner minus T-learner,106.40845137396855,1.0,0.0
45,120.0,5.0,0.1,S-learner minus T-learner,804.7922272987125,1.0,0.0
45,120.0,5.0,0.2,S-learner minus T-learner,748.0643632083702,1.0,0.0
45,120.0,5.0,0.3,S-learner minus T-learner,1121.6140287221824,1.0,0.0
45,120.0,10.0,0.1,S-learner minus T-learner,764.7922272987125,1.0,0.0
45,120.0,10.0,0.2,S-learner minus T-learner,793.0643632083702,1.0,0.0
45,120.0,10.0,0.3,S-learner minus T-learner,1056.6140287221824,1.0,0.0
45,120.0,20.0,0.1,S-learner minus T-learner,684.7922272987125,1.0,0.0
45,120.0,20.0,0.2,S-learner minus T-learner,883.0643632083702,1.0,0.0
45,120.0,20.0,0.3,S-learner minus T-learner,1209.6614132429786,1.0,0.0
46,40.0,5.0,0.1,S-learner minus T-learner,-40.80957187994045,0.0,0.0
46,40.0,5.0,0.2,S-learner minus T-learner,204.56417862777198,1.0,0.0
46,40.0,5.0,0.3,S-learner minus T-learner,413.97691466230935,1.0,0.0
46,40.0,10.0,0.1,S-learner minus T-learner,-126.18614474214064,0.0,0.0
46,40.0,10.0,0.2,S-learner minus T-learner,-126.18614474214064,0.0,0.0
46,40.0,10.0,0.3,S-learner minus T-learner,-126.18614474214064,0.0,0.0
46,40.0,20.0,0.1,S-learner minus T-learner,0.0,0.0,1.0
46,40.0,20.0,0.2,S-learner minus T-learner,0.0,0.0,1.0
46,40.0,20.0,0.3,S-learner minus T-learner,0.0,0.0,1.0
46,80.0,5.0,0.1,S-learner minus T-learner,-171.6191437598809,0.0,0.0
46,80.0,5.0,0.2,S-learner minus T-learner,464.12835725554396,1.0,0.0
46,80.0,5.0,0.3,S-learner minus T-learner,912.9538293246187,1.0,0.0
46,80.0,10.0,0.1,S-learner minus T-learner,-81.6191437598809,0.0,0.0
46,80.0,10.0,0.2,S-learner minus T-learner,409.12835725554396,1.0,0.0
46,80.0,10.0,0.3,S-learner minus T-learner,827.9538293246187,1.0,0.0
46,80.0,20.0,0.1,S-learner minus T-learner,-252.37228948428128,0.0,0.0
46,80.0,20.0,0.2,S-learner minus T-learner,-252.37228948428128,0.0,0.0
46,80.0,20.0,0.3,S-learner minus T-learner,-252.37228948428128,0.0,0.0
46,120.0,5.0,0.1,S-learner minus T-learner,-302.42871563982044,0.0,0.0
46,120.0,5.0,0.2,S-learner minus T-learner,723.6925358833178,1.0,0.0
46,120.0,5.0,0.3,S-learner minus T-learner,1411.9307439869299,1.0,0.0
46,120.0,10.0,0.1,S-learner minus T-learner,-212.42871563982044,0.0,0.0
46,120.0,10.0,0.2,S-learner minus T-learner,668.6925358833178,1.0,0.0
46,120.0,10.0,0.3,S-learner minus T-learner,1326.9307439869299,1.0,0.0
46,120.0,20.0,0.1,S-learner minus T-learner,-32.42871563982044,0.0,0.0
46,120.0,20.0,0.2,S-learner minus T-learner,163.7086571252985,1.0,0.0
46,120.0,20.0,0.3,S-learner minus T-learner,-436.8424012236428,0.0,0.0
47,40.0,5.0,0.1,S-learner minus T-learner,209.95552738788956,1.0,0.0
47,40.0,5.0,0.2,S-learner minus T-learner,103.14153764766706,1.0,0.0
47,40.0,5.0,0.3,S-learner minus T-learner,174.2937530446361,1.0,0.0
47,40.0,10.0,0.1,S-learner minus T-learner,-22.203120552794417,0.0,0.0
47,40.0,10.0,0.2,S-learner minus T-learner,-22.203120552794417,0.0,0.0
47,40.0,10.0,0.3,S-learner minus T-learner,-22.203120552794417,0.0,0.0
47,40.0,20.0,0.1,S-learner minus T-learner,0.0,0.0,1.0
47,40.0,20.0,0.2,S-learner minus T-learner,0.0,0.0,1.0
47,40.0,20.0,0.3,S-learner minus T-learner,0.0,0.0,1.0
47,80.0,5.0,0.1,S-learner minus T-learner,419.9110547757791,1.0,0.0
47,80.0,5.0,0.2,S-learner minus T-learner,206.28307529533413,1.0,0.0
47,80.0,5.0,0.3,S-learner minus T-learner,378.46456705882156,1.0,0.0
47,80.0,10.0,0.1,S-learner minus T-learner,419.9110547757791,1.0,0.0
47,80.0,10.0,0.2,S-learner minus T-learner,206.28307529533413,1.0,0.0
47,80.0,10.0,0.3,S-learner minus T-learner,348.5875060892722,1.0,0.0
47,80.0,20.0,0.1,S-learner minus T-learner,-44.40624110558883,0.0,0.0
47,80.0,20.0,0.2,S-learner minus T-learner,-44.40624110558883,0.0,0.0
47,80.0,20.0,0.3,S-learner minus T-learner,-44.40624110558883,0.0,0.0
47,120.0,5.0,0.1,S-learner minus T-learner,629.8665821636696,1.0,0.0
47,120.0,5.0,0.2,S-learner minus T-learner,309.424612943003,1.0,0.0
47,120.0,5.0,0.3,S-learner minus T-learner,567.696850588236,1.0,0.0
47,120.0,10.0,0.1,S-learner minus T-learner,629.8665821636696,1.0,0.0
47,120.0,10.0,0.2,S-learner minus T-learner,309.424612943003,1.0,0.0
47,120.0,10.0,0.3,S-learner minus T-learner,567.696850588236,1.0,0.0
47,120.0,20.0,0.1,S-learner minus T-learner,629.8665821636696,1.0,0.0
47,120.0,20.0,0.2,S-learner minus T-learner,-403.65466901609034,0.0,0.0
47,120.0,20.0,0.3,S-learner minus T-learner,-760.2979408572028,0.0,0.0
48,40.0,5.0,0.1,S-learner minus T-learner,105.09541510367262,1.0,0.0
48,40.0,5.0,0.2,S-learner minus T-learner,362.78608008673746,1.0,0.0
48,40.0,5.0,0.3,S-learner minus T-learner,426.39316693420733,1.0,0.0
48,40.0,10.0,0.1,S-learner minus T-learner,-100.21847595445024,0.0,0.0
48,40.0,10.0,0.2,S-learner minus T-learner,-100.21847595445024,0.0,0.0
48,40.0,10.0,0.3,S-learner minus T-learner,-100.21847595445024,0.0,0.0
48,40.0,20.0,0.1,S-learner minus T-learner,0.0,0.0,1.0
48,40.0,20.0,0.2,S-learner minus T-learner,0.0,0.0,1.0
48,40.0,20.0,0.3,S-learner minus T-learner,0.0,0.0,1.0
48,80.0,5.0,0.1,S-learner minus T-learner,210.19083020734524,1.0,0.0
48,80.0,5.0,0.2,S-learner minus T-learner,725.5721601734749,1.0,0.0
48,80.0,5.0,0.3,S-learner minus T-learner,852.7863338684147,1.0,0.0
48,80.0,10.0,0.1,S-learner minus T-learner,210.19083020734524,1.0,0.0
48,80.0,10.0,0.2,S-learner minus T-learner,725.5721601734749,1.0,0.0
48,80.0,10.0,0.3,S-learner minus T-learner,852.7863338684147,1.0,0.0
48,80.0,20.0,0.1,S-learner minus T-learner,-200.43695190890048,0.0,0.0
48,80.0,20.0,0.2,S-learner minus T-learner,-200.43695190890048,0.0,0.0
48,80.0,20.0,0.3,S-learner minus T-learner,-200.43695190890048,0.0,0.0
48,120.0,5.0,0.1,S-learner minus T-learner,315.2862453110174,1.0,0.0
48,120.0,5.0,0.2,S-learner minus T-learner,1088.3582402602115,1.0,0.0
48,120.0,5.0,0.3,S-learner minus T-learner,1279.1795008026238,1.0,0.0
48,120.0,10.0,0.1,S-learner minus T-learner,315.2862453110174,1.0,0.0
48,120.0,10.0,0.2,S-learner minus T-learner,1088.3582402602115,1.0,0.0
48,120.0,10.0,0.3,S-learner minus T-learner,1279.1795008026238,1.0,0.0
48,120.0,20.0,0.1,S-learner minus T-learner,315.2862453110174,1.0,0.0
48,120.0,20.0,0.2,S-learner minus T-learner,441.3665278665467,1.0,0.0
48,120.0,20.0,0.3,S-learner minus T-learner,-266.84671049139797,0.0,0.0
49,40.0,5.0,0.1,S-learner minus T-learner,-21.801312802361736,0.0,0.0
49,40.0,5.0,0.2,S-learner minus T-learner,-31.57746583351218,0.0,0.0
49,40.0,5.0,0.3,S-learner minus T-learner,98.41435062527125,1.0,0.0
49,40.0,10.0,0.1,S-learner minus T-learner,14.611909495154578,1.0,0.0
49,40.0,10.0,0.2,S-learner minus T-learner,14.611909495154578,1.0,0.0
49,40.0,10.0,0.3,S-learner minus T-learner,14.611909495154578,1.0,0.0
49,40.0,20.0,0.1,S-learner minus T-learner,0.0,0.0,1.0
49,40.0,20.0,0.2,S-learner minus T-learner,0.0,0.0,1.0
49,40.0,20.0,0.3,S-learner minus T-learner,0.0,0.0,1.0
49,80.0,5.0,0.1,S-learner minus T-learner,-93.60262560472347,0.0,0.0
49,80.0,5.0,0.2,S-learner minus T-learner,-288.15493166702436,0.0,0.0
49,80.0,5.0,0.3,S-learner minus T-learner,-28.171298749457492,0.0,0.0
49,80.0,10.0,0.1,S-learner minus T-learner,-43.60262560472347,0.0,0.0
49,80.0,10.0,0.2,S-learner minus T-learner,-63.15493166702436,0.0,0.0
49,80.0,10.0,0.3,S-learner minus T-learner,196.8287012505425,1.0,0.0
49,80.0,20.0,0.1,S-learner minus T-learner,29.223818990309155,1.0,0.0
49,80.0,20.0,0.2,S-learner minus T-learner,29.223818990309155,1.0,0.0
49,80.0,20.0,0.3,S-learner minus T-learner,29.223818990309155,1.0,0.0
49,120.0,5.0,0.1,S-learner minus T-learner,-165.40393840708566,0.0,0.0
49,120.0,5.0,0.2,S-learner minus T-learner,-544.7323975005384,0.0,0.0
49,120.0,5.0,0.3,S-learner minus T-learner,-154.75694812418078,0.0,0.0
49,120.0,10.0,0.1,S-learner minus T-learner,-115.40393840708566,0.0,0.0
49,120.0,10.0,0.2,S-learner minus T-learner,-319.73239750053835,0.0,0.0
49,120.0,10.0,0.3,S-learner minus T-learner,70.24305187581922,1.0,0.0
49,120.0,20.0,0.1,S-learner minus T-learner,-15.403938407085661,0.0,0.0
49,120.0,20.0,0.2,S-learner minus T-learner,130.26760249946165,1.0,0.0
49,120.0,20.0,0.3,S-learner minus T-learner,677.3027206516599,1.0,0.0
50,40.0,5.0,0.1,S-learner minus T-learner,146.21372525638435,1.0,0.0
50,40.0,5.0,0.2,S-learner minus T-learner,178.56188867508808,1.0,0.0
50,40.0,5.0,0.3,S-learner minus T-learner,147.97475578633566,1.0,0.0
50,40.0,10.0,0.1,S-learner minus T-learner,-42.67741910404152,0.0,0.0
50,40.0,10.0,0.2,S-learner minus T-learner,-42.67741910404152,0.0,0.0
50,40.0,10.0,0.3,S-learner minus T-learner,-42.67741910404152,0.0,0.0
50,40.0,20.0,0.1,S-learner minus T-learner,0.0,0.0,1.0
50,40.0,20.0,0.2,S-learner minus T-learner,0.0,0.0,1.0
50,40.0,20.0,0.3,S-learner minus T-learner,0.0,0.0,1.0
50,80.0,5.0,0.1,S-learner minus T-learner,292.4274505127687,1.0,0.0
50,80.0,5.0,0.2,S-learner minus T-learner,357.12377735017617,1.0,0.0
50,80.0,5.0,0.3,S-learner minus T-learner,295.9495115726713,1.0,0.0
50,80.0,10.0,0.1,S-learner minus T-learner,292.4274505127687,1.0,0.0
50,80.0,10.0,0.2,S-learner minus T-learner,357.12377735017617,1.0,0.0
50,80.0,10.0,0.3,S-learner minus T-learner,295.9495115726713,1.0,0.0
50,80.0,20.0,0.1,S-learner minus T-learner,-85.35483820808304,0.0,0.0
50,80.0,20.0,0.2,S-learner minus T-learner,-85.35483820808304,0.0,0.0
50,80.0,20.0,0.3,S-learner minus T-learner,-85.35483820808304,0.0,0.0
50,120.0,5.0,0.1,S-learner minus T-learner,438.64117576915305,1.0,0.0
50,120.0,5.0,0.2,S-learner minus T-learner,535.6856660252633,1.0,0.0
50,120.0,5.0,0.3,S-learner minus T-learner,443.92426735901245,1.0,0.0
50,120.0,10.0,0.1,S-learner minus T-learner,438.64117576915305,1.0,0.0
50,120.0,10.0,0.2,S-learner minus T-learner,535.6856660252633,1.0,0.0
50,120.0,10.0,0.3,S-learner minus T-learner,443.92426735901245,1.0,0.0
50,120.0,20.0,0.1,S-learner minus T-learner,438.64117576915305,1.0,0.0
50,120.0,20.0,0.2,S-learner minus T-learner,535.6856660252633,1.0,0.0
50,120.0,20.0,0.3,S-learner minus T-learner,-518.7796482615013,0.0,0.0
51,40.0,5.0,0.1,S-learner minus T-learner,130.6514908990507,1.0,0.0
51,40.0,5.0,0.2,S-learner minus T-learner,200.88195106061994,1.0,0.0
51,40.0,5.0,0.3,S-learner minus T-learner,300.72539675918415,1.0,0.0
51,40.0,10.0,0.1,S-learner minus T-learner,-85.31194640540616,0.0,0.0
51,40.0,10.0,0.2,S-learner minus T-learner,-85.31194640540616,0.0,0.0
51,40.0,10.0,0.3,S-learner minus T-learner,-85.31194640540616,0.0,0.0
51,40.0,20.0,0.1,S-learner minus T-learner,0.0,0.0,1.0
51,40.0,20.0,0.2,S-learner minus T-learner,0.0,0.0,1.0
51,40.0,20.0,0.3,S-learner minus T-learner,0.0,0.0,1.0
51,80.0,5.0,0.1,S-learner minus T-learner,261.3029817981014,1.0,0.0
51,80.0,5.0,0.2,S-learner minus T-learner,401.7639021212399,1.0,0.0
51,80.0,5.0,0.3,S-learner minus T-learner,601.4507935183683,1.0,0.0
51,80.0,10.0,0.1,S-learner minus T-learner,261.3029817981014,1.0,0.0
51,80.0,10.0,0.2,S-learner minus T-learner,401.7639021212399,1.0,0.0
51,80.0,10.0,0.3,S-learner minus T-learner,601.4507935183683,1.0,0.0
51,80.0,20.0,0.1,S-learner minus T-learner,-170.62389281081232,0.0,0.0
51,80.0,20.0,0.2,S-learner minus T-learner,-170.62389281081232,0.0,0.0
51,80.0,20.0,0.3,S-learner minus T-learner,-170.62389281081232,0.0,0.0
51,120.0,5.0,0.1,S-learner minus T-learner,391.9544726971526,1.0,0.0
51,120.0,5.0,0.2,S-learner minus T-learner,602.6458531818607,1.0,0.0
51,120.0,5.0,0.3,S-learner minus T-learner,902.1761902775506,1.0,0.0
51,120.0,10.0,0.1,S-learner minus T-learner,391.9544726971526,1.0,0.0
51,120.0,10.0,0.2,S-learner minus T-learner,602.6458531818607,1.0,0.0
51,120.0,10.0,0.3,S-learner minus T-learner,902.1761902775506,1.0,0.0
51,120.0,20.0,0.1,S-learner minus T-learner,391.9544726971526,1.0,0.0
51,120.0,20.0,0.2,S-learner minus T-learner,373.90751682130576,1.0,0.0
51,120.0,20.0,0.3,S-learner minus T-learner,7.452526182802103,1.0,0.0
