seed,scenario,overlap_strength,hidden_strength,policy,propensity_clip,aipw_profit,true_profit,estimated_profit_error,maximum_inverse_weight,weight_ess
42,Baseline,1.0,0.0,S-learner,0.01,4552.402612051237,6646.581494704766,-2094.1788826535285,14.453323976705772,2067.4222410159477
42,Baseline,1.0,0.0,S-learner,0.05,4552.402612051237,6646.581494704766,-2094.1788826535285,14.453323976705772,2067.42601356706
42,Baseline,1.0,0.0,S-learner,0.1,4552.402612051237,6646.581494704766,-2094.1788826535285,10.0,2104.1918602477544
42,Baseline,1.0,0.0,T-learner,0.01,4414.139027105418,5987.926229715076,-1573.7872026096584,14.453323976705772,2067.4222410159477
42,Baseline,1.0,0.0,T-learner,0.05,4414.139027105418,5987.926229715076,-1573.7872026096584,14.453323976705772,2067.42601356706
42,Baseline,1.0,0.0,T-learner,0.1,4414.139027105418,5987.926229715076,-1573.7872026096584,10.0,2104.1918602477544
42,Baseline,1.0,0.0,DR-learner,0.01,4998.545263416431,6994.430222383475,-1995.8849589670435,14.453323976705772,2067.4222410159477
42,Baseline,1.0,0.0,DR-learner,0.05,4998.545263416431,6994.430222383475,-1995.8849589670435,14.453323976705772,2067.42601356706
42,Baseline,1.0,0.0,DR-learner,0.1,4998.545263416431,6994.430222383475,-1995.8849589670435,10.0,2104.1918602477544
42,Moderate overlap,2.5,0.0,S-learner,0.01,3333.6596420921715,5020.958623843166,-1687.2989817509942,100.0,752.7263632824237
42,Moderate overlap,2.5,0.0,S-learner,0.05,3333.648236556391,5020.958623843166,-1687.3103872867746,20.0,1357.3521108731543
42,Moderate overlap,2.5,0.0,S-learner,0.1,3419.650137435178,5020.958623843166,-1601.3084864079879,10.000000000000002,1804.7140555412243
42,Moderate overlap,2.5,0.0,T-learner,0.01,1318.9252422754325,5856.113586744259,-4537.1883444688265,100.0,752.7263632824237
42,Moderate overlap,2.5,0.0,T-learner,0.05,1316.7680174401676,5856.113586744259,-4539.345569304091,20.0,1357.3521108731543
42,Moderate overlap,2.5,0.0,T-learner,0.1,1353.4147694332928,5856.113586744259,-4502.698817310966,10.000000000000002,1804.7140555412243
42,Moderate overlap,2.5,0.0,DR-learner,0.01,3982.985746616723,6587.93010259431,-2604.9443559775864,100.0,752.7263632824237
42,Moderate overlap,2.5,0.0,DR-learner,0.05,3982.581787282567,6587.93010259431,-2605.3483153117427,20.0,1357.3521108731543
42,Moderate overlap,2.5,0.0,DR-learner,0.1,3908.059002015013,6587.93010259431,-2679.8711005792966,10.000000000000002,1804.7140555412243
42,Severe overlap,5.0,0.0,S-learner,0.01,5133.200727970871,2753.3435141736154,2379.857213797256,100.0,345.30679206137535
42,Severe overlap,5.0,0.0,S-learner,0.05,3599.2235913909176,2753.3435141736154,845.8800772173022,20.0,1236.9345709431232
42,Severe overlap,5.0,0.0,S-learner,0.1,2713.4900793337247,2753.3435141736154,-39.853434839890724,10.000000000000002,1741.6961089922547
42,Severe overlap,5.0,0.0,T-learner,0.01,253.50220497160444,5680.126844273438,-5426.624639301834,100.0,345.30679206137535
42,Severe overlap,5.0,0.0,T-learner,0.05,2423.5206911311334,5680.126844273438,-3256.6061531423047,20.0,1236.9345709431232
42,Severe overlap,5.0,0.0,T-learner,0.1,2362.805669811348,5680.126844273438,-3317.3211744620903,10.000000000000002,1741.6961089922547
42,Severe overlap,5.0,0.0,DR-learner,0.01,-3411.7026135884885,5893.029058897879,-9304.731672486367,100.0,345.30679206137535
42,Severe overlap,5.0,0.0,DR-learner,0.05,1667.3794823900969,5893.029058897879,-4225.649576507782,20.0,1236.9345709431232
42,Severe overlap,5.0,0.0,DR-learner,0.1,2834.530063106246,5893.029058897879,-3058.4989957916328,10.000000000000002,1741.6961089922547
42,Moderate hidden,1.0,0.8,S-learner,0.01,10256.921419423357,5322.665175945571,4934.2562434777865,15.3292605091682,2195.26815493972
42,Moderate hidden,1.0,0.8,S-learner,0.05,10256.921419423357,5322.665175945571,4934.2562434777865,15.3292605091682,2195.27151629468
42,Moderate hidden,1.0,0.8,S-learner,0.1,10256.921419423357,5322.665175945571,4934.2562434777865,10.0,2221.7393055950265
42,Moderate hidden,1.0,0.8,T-learner,0.01,9489.208604453202,4338.052745733672,5151.15585871953,15.3292605091682,2195.26815493972
42,Moderate hidden,1.0,0.8,T-learner,0.05,9489.208604453202,4338.052745733672,5151.15585871953,15.3292605091682,2195.27151629468
42,Moderate hidden,1.0,0.8,T-learner,0.1,9489.208604453202,4338.052745733672,5151.15585871953,10.0,2221.7393055950265
42,Moderate hidden,1.0,0.8,DR-learner,0.01,8793.38454783292,5303.351617165641,3490.0329306672793,15.3292605091682,2195.26815493972
42,Moderate hidden,1.0,0.8,DR-learner,0.05,8793.38454783292,5303.351617165641,3490.0329306672793,15.3292605091682,2195.27151629468
42,Moderate hidden,1.0,0.8,DR-learner,0.1,8793.38454783292,5303.351617165641,3490.0329306672793,10.0,2221.7393055950265
42,Severe hidden,1.0,1.6,S-learner,0.01,20087.651886703447,2251.117389029747,17836.5344976737,9.794230246876419,2558.1970713560454
42,Severe hidden,1.0,1.6,S-learner,0.05,20087.651886703447,2251.117389029747,17836.5344976737,9.794230246876419,2558.1970713560454
42,Severe hidden,1.0,1.6,S-learner,0.1,20087.651886703447,2251.117389029747,17836.5344976737,9.794230246876419,2558.2189914106666
42,Severe hidden,1.0,1.6,T-learner,0.01,20052.759461919988,2054.4234819071808,17998.33598001281,9.794230246876419,2558.1970713560454
42,Severe hidden,1.0,1.6,T-learner,0.05,20052.759461919988,2054.4234819071808,17998.33598001281,9.794230246876419,2558.1970713560454
42,Severe hidden,1.0,1.6,T-learner,0.1,20052.759461919988,2054.4234819071808,17998.33598001281,9.794230246876419,2558.2189914106666
42,Severe hidden,1.0,1.6,DR-learner,0.01,19715.046855240318,2145.005798756646,17570.04105648367,9.794230246876419,2558.1970713560454
42,Severe hidden,1.0,1.6,DR-learner,0.05,19715.046855240318,2145.005798756646,17570.04105648367,9.794230246876419,2558.1970713560454
42,Severe hidden,1.0,1.6,DR-learner,0.1,19715.046855240318,2145.005798756646,17570.04105648367,9.794230246876419,2558.2189914106666
42,Combined severe,5.0,1.6,S-learner,0.01,20424.268785450717,2019.9936622157884,18404.27512323493,100.0,673.1681012278262
42,Combined severe,5.0,1.6,S-learner,0.05,20362.049105816186,2019.9936622157884,18342.0554436004,20.0,1335.0842969399916
42,Combined severe,5.0,1.6,S-learner,0.1,20274.98808090028,2019.9936622157884,18254.99441868449,10.000000000000002,1814.8405237644843
42,Combined severe,5.0,1.6,T-learner,0.01,21590.752537921227,2051.1781842511027,19539.574353670127,100.0,673.1681012278262
42,Combined severe,5.0,1.6,T-learner,0.05,21588.049425415975,2051.1781842511027,19536.871241164874,20.0,1335.0842969399916
42,Combined severe,5.0,1.6,T-learner,0.1,21631.55571011677,2051.1781842511027,19580.377525865668,10.000000000000002,1814.8405237644843
42,Combined severe,5.0,1.6,DR-learner,0.01,21868.83132019559,2064.699554928311,19804.13176526728,100.0,673.1681012278262
42,Combined severe,5.0,1.6,DR-learner,0.05,21733.459834330348,2064.699554928311,19668.760279402035,20.0,1335.0842969399916
42,Combined severe,5.0,1.6,DR-learner,0.1,21100.66173847545,2064.699554928311,19035.96218354714,10.000000000000002,1814.8405237644843
43,Baseline,1.0,0.0,S-learner,0.01,11050.383321827867,7589.7632248417685,3460.6200969860984,13.30957775488351,2104.586826020071
43,Baseline,1.0,0.0,S-learner,0.05,11050.383321827867,7589.7632248417685,3460.6200969860984,13.30957775488351,2104.586826020071
43,Baseline,1.0,0.0,S-learner,0.1,11050.383321827867,7589.7632248417685,3460.6200969860984,10.0,2141.594337139904
43,Baseline,1.0,0.0,T-learner,0.01,12070.520291310659,6798.099159105419,5272.42113220524,13.30957775488351,2104.586826020071
43,Baseline,1.0,0.0,T-learner,0.05,12070.520291310659,6798.099159105419,5272.42113220524,13.30957775488351,2104.586826020071
43,Baseline,1.0,0.0,T-learner,0.1,12057.85475542511,6798.099159105419,5259.755596319692,10.0,2141.594337139904
43,Baseline,1.0,0.0,DR-learner,0.01,12235.409729595347,7353.144954978061,4882.264774617286,13.30957775488351,2104.586826020071
43,Baseline,1.0,0.0,DR-learner,0.05,12235.409729595347,7353.144954978061,4882.264774617286,13.30957775488351,2104.586826020071
43,Baseline,1.0,0.0,DR-learner,0.1,12235.409729595347,7353.144954978061,4882.264774617286,10.0,2141.594337139904
43,Moderate overlap,2.5,0.0,S-learner,0.01,9866.968084425811,6452.155656540281,3414.8124278855303,100.0,741.3989153761179
43,Moderate overlap,2.5,0.0,S-learner,0.05,9865.75047809337,6452.155656540281,3413.59482155309,20.0,1425.524955010704
43,Moderate overlap,2.5,0.0,S-learner,0.1,9793.801808106557,6452.155656540281,3341.646151566276,10.000000000000002,1811.8445701659164
43,Moderate overlap,2.5,0.0,T-learner,0.01,10993.361481587519,6868.998906855864,4124.362574731655,100.0,741.3989153761179
43,Moderate overlap,2.5,0.0,T-learner,0.05,10993.36452931771,6868.998906855864,4124.365622461846,20.0,1425.524955010704
43,Moderate overlap,2.5,0.0,T-learner,0.1,10826.258606505597,6868.998906855864,3957.2596996497323,10.000000000000002,1811.8445701659164
43,Moderate overlap,2.5,0.0,DR-learner,0.01,9073.463423464676,6882.275643202192,2191.187780262484,100.0,741.3989153761179
43,Moderate overlap,2.5,0.0,DR-learner,0.05,9067.167864178058,6882.275643202192,2184.8922209758657,20.0,1425.524955010704
43,Moderate overlap,2.5,0.0,DR-learner,0.1,8887.18845424569,6882.275643202192,2004.9128110434976,10.000000000000002,1811.8445701659164
43,Severe overlap,5.0,0.0,S-learner,0.01,5563.8368612155,3746.748561761052,1817.0882994544481,100.0,554.365783864724
43,Severe overlap,5.0,0.0,S-learner,0.05,6707.840674391795,3746.748561761052,2961.092112630743,20.0,1222.8366615010893
43,Severe overlap,5.0,0.0,S-learner,0.1,6434.432224097596,3746.748561761052,2687.6836623365443,10.000000000000002,1688.8593032697781
43,Severe overlap,5.0,0.0,T-learner,0.01,12226.409457233374,6585.619843477045,5640.789613756329,100.0,554.365783864724
43,Severe overlap,5.0,0.0,T-learner,0.05,13365.718168533826,6585.619843477045,6780.098325056781,20.0,1222.8366615010893
43,Severe overlap,5.0,0.0,T-learner,0.1,12755.106747021775,6585.619843477045,6169.48690354473,10.000000000000002,1688.8593032697781
43,Severe overlap,5.0,0.0,DR-learner,0.01,16135.986702569504,6476.192318549993,9659.794384019511,100.0,554.365783864724
43,Severe overlap,5.0,0.0,DR-learner,0.05,13348.232481758996,6476.192318549993,6872.040163209003,20.0,1222.8366615010893
43,Severe overlap,5.0,0.0,DR-learner,0.1,11992.80259093891,6476.192318549993,5516.610272388918,10.000000000000002,1688.8593032697781
43,Moderate hidden,1.0,0.8,S-learner,0.01,15609.56046543315,5967.697357987381,9641.863107445768,10.004903707485065,2293.1872428698143
43,Moderate hidden,1.0,0.8,S-learner,0.05,15609.56046543315,5967.697357987381,9641.863107445768,10.004903707485065,2293.1872428698143
43,Moderate hidden,1.0,0.8,S-learner,0.1,15609.56046543315,5967.697357987381,9641.863107445768,10.0,2293.3305890006104
43,Moderate hidden,1.0,0.8,T-learner,0.01,15218.918150989237,5431.479715965412,9787.438435023825,10.004903707485065,2293.1872428698143
43,Moderate hidden,1.0,0.8,T-learner,0.05,15218.918150989237,5431.479715965412,9787.438435023825,10.004903707485065,2293.1872428698143
43,Moderate hidden,1.0,0.8,T-learner,0.1,15218.918150989237,5431.479715965412,9787.438435023825,10.0,2293.3305890006104
43,Moderate hidden,1.0,0.8,DR-learner,0.01,13460.605956252246,5782.159850696495,7678.446105555751,10.004903707485065,2293.1872428698143
43,Moderate hidden,1.0,0.8,DR-learner,0.05,13460.605956252246,5782.159850696495,7678.446105555751,10.004903707485065,2293.1872428698143
43,Moderate hidden,1.0,0.8,DR-learner,0.1,13460.605956252246,5782.159850696495,7678.446105555751,10.0,2293.3305890006104
43,Severe hidden,1.0,1.6,S-learner,0.01,20583.590068116326,2305.0938745179137,18278.49619359841,7.933977269115747,2596.1777708275304
43,Severe hidden,1.0,1.6,S-learner,0.05,20583.590068116326,2305.0938745179137,18278.49619359841,7.933977269115747,2596.1777708275304
43,Severe hidden,1.0,1.6,S-learner,0.1,20583.590068116326,2305.0938745179137,18278.49619359841,7.933977269115747,2596.1777708275304
43,Severe hidden,1.0,1.6,T-learner,0.01,17642.978614090465,1965.5502366989203,15677.428377391545,7.933977269115747,2596.1777708275304
43,Severe hidden,1.0,1.6,T-learner,0.05,17642.978614090465,1965.5502366989203,15677.428377391545,7.933977269115747,2596.1777708275304
43,Severe hidden,1.0,1.6,T-learner,0.1,17642.978614090465,1965.5502366989203,15677.428377391545,7.933977269115747,2596.1777708275304
43,Severe hidden,1.0,1.6,DR-learner,0.01,21024.170837565503,2246.825815832808,18777.345021732697,7.933977269115747,2596.1777708275304
43,Severe hidden,1.0,1.6,DR-learner,0.05,21024.170837565503,2246.825815832808,18777.345021732697,7.933977269115747,2596.1777708275304
43,Severe hidden,1.0,1.6,DR-learner,0.1,21024.170837565503,2246.825815832808,18777.345021732697,7.933977269115747,2596.1777708275304
43,Combined severe,5.0,1.6,S-learner,0.01,17541.209707246366,1754.6100652760788,15786.599641970286,100.0,986.7500775700528
43,Combined severe,5.0,1.6,S-learner,0.05,17539.471521930678,1754.6100652760788,15784.861456654598,20.0,1525.5195390561887
43,Combined severe,5.0,1.6,S-learner,0.1,18092.74240525029,1754.6100652760788,16338.13233997421,10.000000000000002,1867.1492987496642
43,Combined severe,5.0,1.6,T-learner,0.01,16266.119523685433,1679.74727154246,14586.372252142974,100.0,986.7500775700528
43,Combined severe,5.0,1.6,T-learner,0.05,16259.67264446912,1679.74727154246,14579.92537292666,20.0,1525.5195390561887
43,Combined severe,5.0,1.6,T-learner,0.1,16766.299682143697,1679.74727154246,15086.552410601238,10.000000000000002,1867.1492987496642
43,Combined severe,5.0,1.6,DR-learner,0.01,19412.65736187905,2581.868367043684,16830.788994835366,100.0,986.7500775700528
43,Combined severe,5.0,1.6,DR-learner,0.05,19402.141490029793,2581.868367043684,16820.27312298611,20.0,1525.5195390561887
43,Combined severe,5.0,1.6,DR-learner,0.1,19365.265177959478,2581.868367043684,16783.396810915794,10.000000000000002,1867.1492987496642
44,Baseline,1.0,0.0,S-learner,0.01,4882.357587811056,7534.996651502426,-2652.63906369137,14.396324536720225,2089.867398042703
44,Baseline,1.0,0.0,S-learner,0.05,4882.357587811056,7534.996651502426,-2652.63906369137,14.396324536720225,2089.868397395758
44,Baseline,1.0,0.0,S-learner,0.1,4882.357587811056,7534.996651502426,-2652.63906369137,10.0,2108.362669990176
44,Baseline,1.0,0.0,T-learner,0.01,5672.5661982921265,7011.651672044545,-1339.0854737524187,14.396324536720225,2089.867398042703
44,Baseline,1.0,0.0,T-learner,0.05,5672.5661982921265,7011.651672044545,-1339.0854737524187,14.396324536720225,2089.868397395758
44,Baseline,1.0,0.0,T-learner,0.1,5672.5661982921265,7011.651672044545,-1339.0854737524187,10.0,2108.362669990176
44,Baseline,1.0,0.0,DR-learner,0.01,5096.37144085641,7518.560595690091,-2422.1891548336807,14.396324536720225,2089.867398042703
44,Baseline,1.0,0.0,DR-learner,0.05,5096.37144085641,7518.560595690091,-2422.1891548336807,14.396324536720225,2089.868397395758
44,Baseline,1.0,0.0,DR-learner,0.1,5096.37144085641,7518.560595690091,-2422.1891548336807,10.0,2108.362669990176
44,Moderate overlap,2.5,0.0,S-learner,0.01,4766.054761799347,5914.902068576328,-1148.847306776981,100.0,617.8807288076699
44,Moderate overlap,2.5,0.0,S-learner,0.05,4765.182816381862,5914.902068576328,-1149.7192521944662,20.0,1327.5389198982919
44,Moderate overlap,2.5,0.0,S-learner,0.1,4757.276305571444,5914.902068576328,-1157.625763004884,10.000000000000002,1752.3232241633764
44,Moderate overlap,2.5,0.0,T-learner,0.01,7086.287378632314,6667.127896156189,419.15948247612505,100.0,617.8807288076699
44,Moderate overlap,2.5,0.0,T-learner,0.05,7086.1173618829125,6667.127896156189,418.9894657267232,20.0,1327.5389198982919
44,Moderate overlap,2.5,0.0,T-learner,0.1,6928.38811245197,6667.127896156189,261.260216295781,10.000000000000002,1752.3232241633764
44,Moderate overlap,2.5,0.0,DR-learner,0.01,6377.291539217869,7087.713234915673,-710.4216956978034,100.0,617.8807288076699
44,Moderate overlap,2.5,0.0,DR-learner,0.05,6377.0003016337,7087.713234915673,-710.7129332819732,20.0,1327.5389198982919
44,Moderate overlap,2.5,0.0,DR-learner,0.1,6053.553075175704,7087.713234915673,-1034.1601597399685,10.000000000000002,1752.3232241633764
44,Severe overlap,5.0,0.0,S-learner,0.01,6661.007595314483,3068.4176609558726,3592.5899343586107,100.0,419.65285604242314
44,Severe overlap,5.0,0.0,S-learner,0.05,3702.821117065241,3068.4176609558726,634.4034561093686,20.0,1304.681138968996
44,Severe overlap,5.0,0.0,S-learner,0.1,3143.283431269705,3068.4176609558726,74.8657703138324,10.000000000000002,1740.0729641306036
44,Severe overlap,5.0,0.0,T-learner,0.01,9762.538382878505,6899.619355990195,2862.9190268883103,100.0,419.65285604242314
44,Severe overlap,5.0,0.0,T-learner,0.05,6200.220540545746,6899.619355990195,-699.3988154444487,20.0,1304.681138968996
44,Severe overlap,5.0,0.0,T-learner,0.1,5212.844362566068,6899.619355990195,-1686.7749934241265,10.000000000000002,1740.0729641306036
44,Severe overlap,5.0,0.0,DR-learner,0.01,5279.605511472013,6634.054581849659,-1354.4490703776464,100.0,419.65285604242314
44,Severe overlap,5.0,0.0,DR-learner,0.05,4673.790542079443,6634.054581849659,-1960.2640397702162,20.0,1304.681138968996
44,Severe overlap,5.0,0.0,DR-learner,0.1,4197.671469780995,6634.054581849659,-2436.3831120686646,10.000000000000002,1740.0729641306036
44,Moderate hidden,1.0,0.8,S-learner,0.01,13234.767483630345,5808.391790633277,7426.375692997068,16.287758538208852,2189.300171742447
44,Moderate hidden,1.0,0.8,S-learner,0.05,13234.767483630345,5808.391790633277,7426.375692997068,16.287758538208852,2189.300171742447
44,Moderate hidden,1.0,0.8,S-learner,0.1,13234.767483630345,5808.391790633277,7426.375692997068,10.0,2236.414637242937
44,Moderate hidden,1.0,0.8,T-learner,0.01,13119.515206920785,4954.118628432276,8165.3965784885095,16.287758538208852,2189.300171742447
44,Moderate hidden,1.0,0.8,T-learner,0.05,13119.515206920785,4954.118628432276,8165.3965784885095,16.287758538208852,2189.300171742447
44,Moderate hidden,1.0,0.8,T-learner,0.1,13119.515206920785,4954.118628432276,8165.3965784885095,10.0,2236.414637242937
44,Moderate hidden,1.0,0.8,DR-learner,0.01,10340.310408466943,5407.152568856627,4933.157839610316,16.287758538208852,2189.300171742447
44,Moderate hidden,1.0,0.8,DR-learner,0.05,10340.310408466943,5407.152568856627,4933.157839610316,16.287758538208852,2189.300171742447
44,Moderate hidden,1.0,0.8,DR-learner,0.1,10340.310408466943,5407.152568856627,4933.157839610316,10.0,2236.414637242937
44,Severe hidden,1.0,1.6,S-learner,0.01,23552.571364801122,2349.4661300096795,21203.105234791445,7.813907370534304,2571.467193833957
44,Severe hidden,1.0,1.6,S-learner,0.05,23552.571364801122,2349.4661300096795,21203.105234791445,7.813907370534304,2571.467193833957
44,Severe hidden,1.0,1.6,S-learner,0.1,23552.571364801122,2349.4661300096795,21203.105234791445,7.813907370534304,2571.4686067124444
44,Severe hidden,1.0,1.6,T-learner,0.01,19563.66367202187,1860.5528320160192,17703.11084000585,7.813907370534304,2571.467193833957
44,Severe hidden,1.0,1.6,T-learner,0.05,19563.66367202187,1860.5528320160192,17703.11084000585,7.813907370534304,2571.467193833957
44,Severe hidden,1.0,1.6,T-learner,0.1,19563.66367202187,1860.5528320160192,17703.11084000585,7.813907370534304,2571.4686067124444
44,Severe hidden,1.0,1.6,DR-learner,0.01,20252.66177243655,2101.8909052003637,18150.770867236184,7.813907370534304,2571.467193833957
44,Severe hidden,1.0,1.6,DR-learner,0.05,20252.66177243655,2101.8909052003637,18150.770867236184,7.813907370534304,2571.467193833957
44,Severe hidden,1.0,1.6,DR-learner,0.1,20252.66177243655,2101.8909052003637,18150.770867236184,7.813907370534304,2571.4686067124444
44,Combined severe,5.0,1.6,S-learner,0.01,21237.329430948055,2250.3125762982963,18987.01685464976,82.30843740694537,621.3033222676269
44,Combined severe,5.0,1.6,S-learner,0.05,21018.543488663454,2250.3125762982963,18768.230912365158,20.0,1348.8073346624335
44,Combined severe,5.0,1.6,S-learner,0.1,20332.203254576787,2250.3125762982963,18081.89067827849,10.000000000000002,1804.6680791192766
44,Combined severe,5.0,1.6,T-learner,0.01,20509.46369311479,2015.3680529662306,18494.09564014856,82.30843740694537,621.3033222676269
44,Combined severe,5.0,1.6,T-learner,0.05,20290.681671881743,2015.3680529662306,18275.313618915512,20.0,1348.8073346624335
44,Combined severe,5.0,1.6,T-learner,0.1,19917.940656287108,2015.3680529662306,17902.572603320878,10.000000000000002,1804.6680791192766
44,Combined severe,5.0,1.6,DR-learner,0.01,18804.0844382516,2218.1008636686347,16585.983574582966,82.30843740694537,621.3033222676269
44,Combined severe,5.0,1.6,DR-learner,0.05,18093.608738023147,2218.1008636686347,15875.507874354513,20.0,1348.8073346624335
44,Combined severe,5.0,1.6,DR-learner,0.1,17512.50895285816,2218.1008636686347,15294.408089189525,10.000000000000002,1804.6680791192766
45,Baseline,1.0,0.0,S-learner,0.01,6224.532526571313,6981.385091383618,-756.852564812305,19.57924727970739,2128.3813194836857
45,Baseline,1.0,0.0,S-learner,0.05,6224.532526571313,6981.385091383618,-756.852564812305,19.57924727970739,2128.3813194836857
45,Baseline,1.0,0.0,S-learner,0.1,6224.532526571313,6981.385091383618,-756.852564812305,10.0,2175.363760041811
45,Baseline,1.0,0.0,T-learner,0.01,6723.304862355487,6422.675515911369,300.6293464441178,19.57924727970739,2128.3813194836857
45,Baseline,1.0,0.0,T-learner,0.05,6723.304862355487,6422.675515911369,300.6293464441178,19.57924727970739,2128.3813194836857
45,Baseline,1.0,0.0,T-learner,0.1,6723.304862355487,6422.675515911369,300.6293464441178,10.0,2175.363760041811
45,Baseline,1.0,0.0,DR-learner,0.01,6288.465601417013,6591.9984965133735,-303.53289509636033,19.57924727970739,2128.3813194836857
45,Baseline,1.0,0.0,DR-learner,0.05,6288.465601417013,6591.9984965133735,-303.53289509636033,19.57924727970739,2128.3813194836857
45,Baseline,1.0,0.0,DR-learner,0.1,6288.465601417013,6591.9984965133735,-303.53289509636033,10.0,2175.363760041811
45,Moderate overlap,2.5,0.0,S-learner,0.01,4436.1451179287005,7162.501117993626,-2726.356000064926,100.0,627.1657841786223
45,Moderate overlap,2.5,0.0,S-learner,0.05,4434.623253281467,7162.501117993626,-2727.877864712159,20.0,1475.3280365473456
45,Moderate overlap,2.5,0.0,S-learner,0.1,4431.230167702154,7162.501117993626,-2731.270950291472,10.000000000000002,1823.2539929297168
45,Moderate overlap,2.5,0.0,T-learner,0.01,7010.30601878458,6908.605241502619,101.70077728196156,100.0,627.1657841786223
45,Moderate overlap,2.5,0.0,T-learner,0.05,7008.468200089075,6908.605241502619,99.86295858645644,20.0,1475.3280365473456
45,Moderate overlap,2.5,0.0,T-learner,0.1,6973.344490683928,6908.605241502619,64.73924918130888,10.000000000000002,1823.2539929297168
45,Moderate overlap,2.5,0.0,DR-learner,0.01,5905.666368731912,6840.507068054088,-934.8406993221761,100.0,627.1657841786223
45,Moderate overlap,2.5,0.0,DR-learner,0.05,5900.699055062374,6840.507068054088,-939.8080129917143,20.0,1475.3280365473456
45,Moderate overlap,2.5,0.0,DR-learner,0.1,5642.786726659954,6840.507068054088,-1197.7203413941343,10.000000000000002,1823.2539929297168
45,Severe overlap,5.0,0.0,S-learner,0.01,7091.898779464569,6372.251761662954,719.6470178016152,100.0,503.82277354559085
45,Severe overlap,5.0,0.0,S-learner,0.05,4674.246049595582,6372.251761662954,-1698.0057120673719,20.0,1342.402051342592
45,Severe overlap,5.0,0.0,S-learner,0.1,4408.853366550187,6372.251761662954,-1963.3983951127666,10.000000000000002,1789.86782027589
45,Severe overlap,5.0,0.0,T-learner,0.01,8048.9084552787735,6888.900359296322,1160.0080959824518,100.0,503.82277354559085
45,Severe overlap,5.0,0.0,T-learner,0.05,6059.174845535086,6888.900359296322,-829.7255137612356,20.0,1342.402051342592
45,Severe overlap,5.0,0.0,T-learner,0.1,5660.0396724423545,6888.900359296322,-1228.8606868539673,10.000000000000002,1789.86782027589
45,Severe overlap,5.0,0.0,DR-learner,0.01,8491.867499156819,7021.532721848836,1470.3347773079822,100.0,503.82277354559085
45,Severe overlap,5.0,0.0,DR-learner,0.05,5437.387653501528,7021.532721848836,-1584.1450683473086,20.0,1342.402051342592
45,Severe overlap,5.0,0.0,DR-learner,0.1,5335.77275087772,7021.532721848836,-1685.7599709711167,10.000000000000002,1789.86782027589
45,Moderate hidden,1.0,0.8,S-learner,0.01,9454.722964165068,5380.012815427826,4074.710148737242,12.011334504608051,2237.3577555255315
45,Moderate hidden,1.0,0.8,S-learner,0.05,9454.722964165068,5380.012815427826,4074.710148737242,12.011334504608051,2237.3577555255315
45,Moderate hidden,1.0,0.8,S-learner,0.1,9454.722964165068,5380.012815427826,4074.710148737242,10.0,2245.7923290789618
45,Moderate hidden,1.0,0.8,T-learner,0.01,9527.532742913947,5118.352140852794,4409.180602061153,12.011334504608051,2237.3577555255315
45,Moderate hidden,1.0,0.8,T-learner,0.05,9527.532742913947,5118.352140852794,4409.180602061153,12.011334504608051,2237.3577555255315
45,Moderate hidden,1.0,0.8,T-learner,0.1,9527.532742913947,5118.352140852794,4409.180602061153,10.0,2245.7923290789618
45,Moderate hidden,1.0,0.8,DR-learner,0.01,11969.652389892559,5510.133823944669,6459.51856594789,12.011334504608051,2237.3577555255315
45,Moderate hidden,1.0,0.8,DR-learner,0.05,11969.652389892559,5510.133823944669,6459.51856594789,12.011334504608051,2237.3577555255315
45,Moderate hidden,1.0,0.8,DR-learner,0.1,11969.652389892559,5510.133823944669,6459.51856594789,10.0,2245.7923290789618
45,Severe hidden,1.0,1.6,S-learner,0.01,19551.03683366252,2363.9416389801845,17187.095194682337,10.692191093632225,2495.406067079798
45,Severe hidden,1.0,1.6,S-learner,0.05,19551.03683366252,2363.9416389801845,17187.095194682337,10.692191093632225,2495.406067079798
45,Severe hidden,1.0,1.6,S-learner,0.1,19551.03683366252,2363.9416389801845,17187.095194682337,10.0,2497.207903238312
45,Severe hidden,1.0,1.6,T-learner,0.01,15244.767201320537,2139.3788086665927,13105.388392653946,10.692191093632225,2495.406067079798
45,Severe hidden,1.0,1.6,T-learner,0.05,15244.767201320537,2139.3788086665927,13105.388392653946,10.692191093632225,2495.406067079798
45,Severe hidden,1.0,1.6,T-learner,0.1,15244.767201320537,2139.3788086665927,13105.388392653946,10.0,2497.207903238312
45,Severe hidden,1.0,1.6,DR-learner,0.01,21386.22199023378,2284.5055480078518,19101.716442225927,10.692191093632225,2495.406067079798
45,Severe hidden,1.0,1.6,DR-learner,0.05,21386.22199023378,2284.5055480078518,19101.716442225927,10.692191093632225,2495.406067079798
45,Severe hidden,1.0,1.6,DR-learner,0.1,21386.22199023378,2284.5055480078518,19101.716442225927,10.0,2497.207903238312
45,Combined severe,5.0,1.6,S-learner,0.01,20097.189196098327,1776.3902483873744,18320.79894771095,99.99999999999991,842.9067547819812
45,Combined severe,5.0,1.6,S-learner,0.05,20094.427307267273,1776.3902483873744,18318.037058879898,20.0,1508.3497012805872
45,Combined severe,5.0,1.6,S-learner,0.1,19887.945603115917,1776.3902483873744,18111.55535472854,10.000000000000002,1877.87409882217
45,Combined severe,5.0,1.6,T-learner,0.01,20223.26838274149,1706.7143593275377,18516.554023413955,99.99999999999991,842.9067547819812
45,Combined severe,5.0,1.6,T-learner,0.05,20219.477103270627,1706.7143593275377,18512.762743943087,20.0,1508.3497012805872
45,Combined severe,5.0,1.6,T-learner,0.1,20019.12367192389,1706.7143593275377,18312.409312596355,10.000000000000002,1877.87409882217
45,Combined severe,5.0,1.6,DR-learner,0.01,20339.307598457264,1889.4591560094323,18449.84844244783,99.99999999999991,842.9067547819812
45,Combined severe,5.0,1.6,DR-learner,0.05,18357.920732616196,1889.4591560094323,16468.461576606765,20.0,1508.3497012805872
45,Combined severe,5.0,1.6,DR-learner,0.1,17955.51155232259,1889.4591560094323,16066.052396313158,10.000000000000002,1877.87409882217
46,Baseline,1.0,0.0,S-learner,0.01,7900.761426718253,6921.239795282421,979.5216314358313,15.626676126563039,1964.4680095154729
46,Baseline,1.0,0.0,S-learner,0.05,7900.761426718253,6921.239795282421,979.5216314358313,15.626676126563039,1964.4713958834498
46,Baseline,1.0,0.0,S-learner,0.1,7900.761426718253,6921.239795282421,979.5216314358313,10.0,2025.4992249402003
46,Baseline,1.0,0.0,T-learner,0.01,9236.68597082161,6512.111438026877,2724.5745327947334,15.626676126563039,1964.4680095154729
46,Baseline,1.0,0.0,T-learner,0.05,9236.68597082161,6512.111438026877,2724.5745327947334,15.626676126563039,1964.4713958834498
46,Baseline,1.0,0.0,T-learner,0.1,9235.984274259414,6512.111438026877,2723.8728362325364,10.0,2025.4992249402003
46,Baseline,1.0,0.0,DR-learner,0.01,5885.82268447607,6634.450289651788,-748.6276051757177,15.626676126563039,1964.4680095154729
46,Baseline,1.0,0.0,DR-learner,0.05,5885.82268447607,6634.450289651788,-748.6276051757177,15.626676126563039,1964.4713958834498
46,Baseline,1.0,0.0,DR-learner,0.1,5885.82268447607,6634.450289651788,-748.6276051757177,10.0,2025.4992249402003
46,Moderate overlap,2.5,0.0,S-learner,0.01,7206.143529919912,6929.530508997332,276.6130209225803,100.0,785.0484321507487
46,Moderate overlap,2.5,0.0,S-learner,0.05,7206.095841529117,6929.530508997332,276.5653325317853,20.0,1334.1535543971352
46,Moderate overlap,2.5,0.0,S-learner,0.1,6990.818024427872,6929.530508997332,61.287515430540225,10.000000000000002,1755.764228394238
46,Moderate overlap,2.5,0.0,T-learner,0.01,7399.243927066919,7134.925983527946,264.31794353897294,100.0,785.0484321507487
46,Moderate overlap,2.5,0.0,T-learner,0.05,7398.858413555272,7134.925983527946,263.9324300273256,20.0,1334.1535543971352
46,Moderate overlap,2.5,0.0,T-learner,0.1,7195.173712069698,7134.925983527946,60.24772854175171,10.000000000000002,1755.764228394238
46,Moderate overlap,2.5,0.0,DR-learner,0.01,6614.961080633235,6847.739419955073,-232.77833932183785,100.0,785.0484321507487
46,Moderate overlap,2.5,0.0,DR-learner,0.05,6613.469199100564,6847.739419955073,-234.2702208545088,20.0,1334.1535543971352
46,Moderate overlap,2.5,0.0,DR-learner,0.1,6326.617870350312,6847.739419955073,-521.1215496047607,10.000000000000002,1755.764228394238
46,Severe overlap,5.0,0.0,S-learner,0.01,5603.242404833961,4351.953724692671,1251.2886801412897,100.0,579.5057695509039
46,Severe overlap,5.0,0.0,S-learner,0.05,5314.344286513981,4351.953724692671,962.3905618213103,20.0,1279.7850325403697
46,Severe overlap,5.0,0.0,S-learner,0.1,4694.059838778833,4351.953724692671,342.10611408616205,10.000000000000002,1782.8995046464504
46,Severe overlap,5.0,0.0,T-learner,0.01,8889.71410703521,6764.816991952997,2124.8971150822126,100.0,579.5057695509039
46,Severe overlap,5.0,0.0,T-learner,0.05,8438.380018282895,6764.816991952997,1673.5630263298972,20.0,1279.7850325403697
46,Severe overlap,5.0,0.0,T-learner,0.1,7373.048064864578,6764.816991952997,608.2310729115807,10.000000000000002,1782.8995046464504
46,Severe overlap,5.0,0.0,DR-learner,0.01,2388.6487605307957,6278.634887501983,-3889.9861269711873,100.0,579.5057695509039
46,Severe overlap,5.0,0.0,DR-learner,0.05,1897.4449179755961,6278.634887501983,-4381.189969526387,20.0,1279.7850325403697
46,Severe overlap,5.0,0.0,DR-learner,0.1,2232.1561496793584,6278.634887501983,-4046.4787378226247,10.000000000000002,1782.8995046464504
46,Moderate hidden,1.0,0.8,S-learner,0.01,11576.332066566505,5304.274275006699,6272.057791559806,12.031351752017377,2279.08588706382
46,Moderate hidden,1.0,0.8,S-learner,0.05,11576.332066566505,5304.274275006699,6272.057791559806,12.031351752017377,2279.08588706382
46,Moderate hidden,1.0,0.8,S-learner,0.1,11576.332066566505,5304.274275006699,6272.057791559806,10.0,2288.881105012889
46,Moderate hidden,1.0,0.8,T-learner,0.01,12632.885544379178,5153.699616658541,7479.185927720637,12.031351752017377,2279.08588706382
46,Moderate hidden,1.0,0.8,T-learner,0.05,12632.885544379178,5153.699616658541,7479.185927720637,12.031351752017377,2279.08588706382
46,Moderate hidden,1.0,0.8,T-learner,0.1,12632.885544379178,5153.699616658541,7479.185927720637,10.0,2288.881105012889
46,Moderate hidden,1.0,0.8,DR-learner,0.01,13303.14964615706,5274.797113837962,8028.352532319099,12.031351752017377,2279.08588706382
46,Moderate hidden,1.0,0.8,DR-learner,0.05,13303.14964615706,5274.797113837962,8028.352532319099,12.031351752017377,2279.08588706382
46,Moderate hidden,1.0,0.8,DR-learner,0.1,13303.14964615706,5274.797113837962,8028.352532319099,10.0,2288.881105012889
46,Severe hidden,1.0,1.6,S-learner,0.01,21389.161960498164,2263.313701013103,19125.84825948506,7.743809702191919,2613.9175286706104
46,Severe hidden,1.0,1.6,S-learner,0.05,21389.161960498164,2263.313701013103,19125.84825948506,7.743809702191919,2613.9175286706104
46,Severe hidden,1.0,1.6,S-learner,0.1,21389.161960498164,2263.313701013103,19125.84825948506,7.743809702191919,2613.9175286706104
46,Severe hidden,1.0,1.6,T-learner,0.01,16109.726242387307,1722.3916989947993,14387.334543392508,7.743809702191919,2613.9175286706104
46,Severe hidden,1.0,1.6,T-learner,0.05,16109.726242387307,1722.3916989947993,14387.334543392508,7.743809702191919,2613.9175286706104
46,Severe hidden,1.0,1.6,T-learner,0.1,16109.726242387307,1722.3916989947993,14387.334543392508,7.743809702191919,2613.9175286706104
46,Severe hidden,1.0,1.6,DR-learner,0.01,20851.75734003679,1973.3690418339438,18878.388298202848,7.743809702191919,2613.9175286706104
46,Severe hidden,1.0,1.6,DR-learner,0.05,20851.75734003679,1973.3690418339438,18878.388298202848,7.743809702191919,2613.9175286706104
46,Severe hidden,1.0,1.6,DR-learner,0.1,20851.75734003679,1973.3690418339438,18878.388298202848,7.743809702191919,2613.9175286706104
46,Combined severe,5.0,1.6,S-learner,0.01,18043.701556876156,1966.9464505757005,16076.755106300456,100.0,459.81661552770345
46,Combined severe,5.0,1.6,S-learner,0.05,18041.87786145321,1966.9464505757005,16074.931410877509,20.0,1281.334515008113
46,Combined severe,5.0,1.6,S-learner,0.1,18017.536460714517,1966.9464505757005,16050.590010138816,10.000000000000002,1798.116383471912
46,Combined severe,5.0,1.6,T-learner,0.01,18190.528789242693,1841.9186040079967,16348.610185234696,100.0,459.81661552770345
46,Combined severe,5.0,1.6,T-learner,0.05,18190.565390304153,1841.9186040079967,16348.646786296156,20.0,1281.334515008113
46,Combined severe,5.0,1.6,T-learner,0.1,18111.013287820526,1841.9186040079967,16269.09468381253,10.000000000000002,1798.116383471912
46,Combined severe,5.0,1.6,DR-learner,0.01,18216.712576634098,2003.071564199813,16213.641012434284,100.0,459.81661552770345
46,Combined severe,5.0,1.6,DR-learner,0.05,17754.214058802623,2003.071564199813,15751.14249460281,20.0,1281.334515008113
46,Combined severe,5.0,1.6,DR-learner,0.1,17496.84160335306,2003.071564199813,15493.770039153245,10.000000000000002,1798.116383471912
