scenario,policy,metric,replicates,mean,std,mcse,median,minimum,maximum,q025,q975
Baseline,DR-learner,incremental_profit,5,7018.516911843358,415.9401731359788,186.01410034101607,6994.430222383475,6591.9984965133735,7518.560595690091,6596.243675827215,7502.019031618888
Baseline,DR-learner,oracle_profit_captured,5,0.804367068686368,0.033211430101407466,0.014852603067345965,0.8025487017754789,0.7677256520209852,0.8471945004529762,0.7686991962823265,0.8451655898624787
Baseline,DR-learner,regret_vs_oracle,5,1701.9181101147162,260.2022336147077,116.36597645195346,1720.8417690977822,1356.0963947295622,1994.4001462314518,1374.4088040429742,1984.8633068734168
Baseline,DR-learner,estimated_profit_error,5,-117.59396789110323,2927.0505719883113,1309.016810509101,-748.6276051757177,-2422.1891548336807,4882.264774617286,-2379.558735247017,4363.685007645921
Baseline,DR-learner,analytic_policy_identification_gap,5,3.019806626980426e-14,7.267679683723298e-14,3.2502051622998934e-14,3.774758283725532e-14,-5.551115123125783e-14,1.1102230246251565e-13,-5.306866057708248e-14,1.0880185641326534e-13
Baseline,Oracle,incremental_profit,5,8720.435021958072,163.0094396190399,72.90003759246413,8715.271991481257,8533.48204230289,8892.365442841743,8538.773702347084,8890.594597599535
Baseline,Oracle,oracle_profit_captured,5,1.0,0.0,0.0,1.0,1.0,1.0,1.0,1.0
Baseline,Oracle,regret_vs_oracle,5,0.0,0.0,0.0,0.0,0.0,0.0,0.0,0.0
Baseline,Oracle,estimated_profit_error,0,,,,,,,,
Baseline,Oracle,analytic_policy_identification_gap,0,,,,,,,,
Baseline,Random,incremental_profit,5,1405.4760898562315,225.01725141553553,100.63077405505963,1336.035036105569,1205.0967041878102,1774.595396505163,1211.1204175061814,1741.767804365756
Baseline,Random,oracle_profit_captured,5,0.16093788630055283,0.023501406770399334,0.01051014862109734,0.15054497740564418,0.14034949392968965,0.19956393019516455,0.14114241704056968,0.19620276766902567
Baseline,Random,regret_vs_oracle,5,7314.958932101843,156.21926349419522,69.86337851359437,7268.952516370164,7117.77004633658,7538.621954314084,7132.8078621960585,7522.889952738377
Baseline,Random,estimated_profit_error,5,-1022.9146732934281,2001.89888222166,895.2763969456953,-846.7777680058728,-3367.238387796053,1235.3608857916743,-3301.6219287670942,1169.3403673174646
Baseline,Random,analytic_policy_identification_gap,5,-4.829470157119431e-15,1.3572499179970883e-13,6.06980615819501e-14,-2.220446049250313e-15,-1.5543122344752192e-13,1.9345636204093353e-13,-1.5010215292932116e-13,1.7832957333041577e-13
Baseline,S-learner,incremental_profit,5,7134.793251543,410.68549394334815,183.66413636608092,6981.385091383618,6646.581494704766,7589.7632248417685,6674.047324762531,7584.286567507835
Baseline,S-learner,oracle_profit_captured,5,0.8178681512187612,0.03661467716315063,0.016374581422202793,0.8130748852759845,0.7626361519412667,0.8535145427419928,0.7674794021623582,0.8530677406660315
Baseline,S-learner,regret_vs_oracle,5,1585.641770415074,306.2013945776196,136.9374266161586,1605.0135513612076,1302.6022179999745,2068.6904967764913,1306.3080300916997,2023.045671800889
Baseline,S-learner,estimated_profit_error,5,-212.70575654705482,2485.157962153004,1111.3964276397933,-756.852564812305,-2652.63906369137,3460.6200969860984,-2596.793045587586,3212.5102504310717
Baseline,S-learner,analytic_policy_identification_gap,5,6.061817714453355e-14,6.773998286136093e-14,3.029424129453475e-14,4.884981308350689e-14,-4.440892098500626e-15,1.7319479184152442e-13,-1.5543122344752192e-15,1.6198153929281034e-13
Baseline,T-learner,incremental_profit,5,6546.492802960657,389.93202853642094,174.382904482365,6512.111438026877,5987.926229715076,7011.651672044545,6031.4011583347055,6990.296420750633
Baseline,T-learner,oracle_profit_captured,5,0.7505509538879069,0.03857442073971184,0.017251005393334677,0.7631247602964997,0.68706131438789,0.7900757944350689,0.6931557574756317,0.7875169304970389
Baseline,T-learner,regret_vs_oracle,5,2173.9422189974166,328.88752615472833,147.0829730867425,2094.266283736324,1863.005318375108,2727.3457617661807,1878.8418469651983,2670.983498272908
Baseline,T-learner,estimated_profit_error,5,1076.9504670164029,2906.155256825583,1299.6721414860726,300.6293464441178,-1573.7872026096584,5272.42113220524,-1550.3170297239344,5017.636472264189
Baseline,T-learner,analytic_policy_identification_gap,5,6.616929226765933e-14,1.11779115502715e-13,4.998914014577426e-14,1.7763568394002505e-14,-3.3306690738754696e-14,1.9539925233402755e-13,-3.26405569239796e-14,1.936228954946273e-13
Baseline,Treat nobody,incremental_profit,5,0.0,0.0,0.0,0.0,0.0,0.0,0.0,0.0
Baseline,Treat nobody,oracle_profit_captured,5,0.0,0.0,0.0,0.0,0.0,0.0,0.0,0.0
Baseline,Treat nobody,regret_vs_oracle,5,8720.435021958072,163.0094396190399,72.90003759246413,8715.271991481257,8533.48204230289,8892.365442841743,8538.773702347084,8890.594597599535
Baseline,Treat nobody,estimated_profit_error,5,0.0,0.0,0.0,0.0,0.0,0.0,0.0,0.0
Baseline,Treat nobody,analytic_policy_identification_gap,5,0.0,0.0,0.0,0.0,0.0,0.0,0.0,0.0
Combined severe,DR-learner,incremental_profit,5,2151.439901169975,268.2737920818631,119.97568713533815,2064.699554928311,1889.4591560094323,2581.868367043684,1900.8203968284704,2545.4916167061792
Combined severe,DR-learner,oracle_profit_captured,5,0.5908633001705134,0.06290905231964991,0.028133783477365604,0.5674129980715693,0.5313967496232938,0.696188801164371,0.5348096902071884,0.6859491007010432
Combined severe,DR-learner,regret_vs_oracle,5,1484.725287402662,208.73045389713073,93.34709677767404,1527.1111616233984,1126.7066096372491,1666.1876509175327,1165.7744489706542,1658.1924870121622
Combined severe,DR-learner,estimated_profit_error,5,16916.82906959045,1598.957227842431,715.0754109140589,16468.461576606765,15751.14249460281,19668.760279402035,15763.57903257798,19383.91156376044
Combined severe,DR-learner,analytic_policy_identification_gap,5,15844.717620606505,446.07257327500764,199.48971934823462,15983.011707098627,15118.524014381039,16288.608831677757,15183.846902721882,16265.917013718545
Combined severe,Oracle,incremental_profit,5,3636.1651885726374,90.88650996112538,40.645682902157624,3650.935566792139,3530.1827258232115,3735.485866639936,3532.729133933587,3732.7947776440355
Combined severe,Oracle,oracle_profit_captured,5,1.0,0.0,0.0,1.0,1.0,1.0,1.0,1.0
Combined severe,Oracle,regret_vs_oracle,5,0.0,0.0,0.0,0.0,0.0,0.0,0.0,0.0
Combined severe,Oracle,estimated_profit_error,0,,,,,,,,
Combined severe,Oracle,analytic_policy_identification_gap,0,,,,,,,,
Combined severe,Random,incremental_profit,5,-480.6170633096217,134.23732958005948,60.032758811811256,-471.70256850956775,-687.1161888218558,-318.9330540822684,-668.2567294070348,-329.7209397201186
Combined severe,Random,oracle_profit_captured,5,-0.13272862433947702,0.0394022981187827,0.017621243412662038,-0.1262760950917112,-0.19324646854216349,-0.08599881520197934,-0.18804351547526788,-0.0890894141806138
Combined severe,Random,regret_vs_oracle,5,4116.782251882259,101.60677632672044,45.439931768232654,4077.7474772529094,4027.5080307632015,4242.762995748821,4027.6276597365672,4239.205539688889
Combined severe,Random,estimated_profit_error,5,11363.95173451633,1910.3275091192295,854.3244339356893,11026.651330171942,9094.648385600893,14310.171265028795,9250.007797165395,14053.158657579326
Combined severe,Random,analytic_policy_identification_gap,5,12440.053753397615,302.5647823141792,135.31108417038615,12476.292742647625,12113.340469804905,12832.224834005767,12118.660652316614,12810.189193165968
Combined severe,S-learner,incremental_profit,5,1953.6506005506476,202.2528593400637,90.45022842561714,1966.9464505757005,1754.6100652760788,2250.3125762982963,1756.7880835872083,2227.2806848900454
Combined severe,S-learner,oracle_profit_captured,5,0.5371190465253236,0.05106533940255843,0.02283711403964383,0.5532811043254421,0.4731224463058864,0.6024149619718543,0.4757698952232251,0.5978914442290851
Combined severe,S-learner,regret_vs_oracle,5,1682.514588021989,186.32963550557727,83.32914624264583,1630.9419045763507,1485.1732903416396,1953.9649114048543,1492.9795888322267,1936.494076118328
Combined severe,S-learner,estimated_profit_error,5,17457.623256475512,1409.804366879528,630.4836798637356,18318.037058879898,15784.861456654598,18768.230912365158,15813.86845207689,18725.61336548868
Combined severe,S-learner,analytic_policy_identification_gap,5,15865.179899835613,415.59894794612325,185.86149979698564,15903.045483373822,15342.428366307035,16344.335354492105,15364.446583187142,16327.249795032592
Combined severe,T-learner,incremental_profit,5,1858.9852944190657,171.0245980208407,76.48452539983515,1841.9186040079967,1679.74727154246,2051.1781842511027,1682.443980320968,2047.5971711226155
Combined severe,T-learner,oracle_profit_captured,5,0.5112084755118642,0.04428399523858194,0.019804404733749247,0.5217629644308215,0.4529360420389249,0.561822619634274,0.45564254729479614,0.559592323356613
Combined severe,T-learner,regret_vs_oracle,5,1777.1798941535715,166.67025298895607,74.53720310207865,1720.1178136737053,1599.7573825410363,2028.827705138473,1608.6080564684542,2010.8381793845683
Combined severe,T-learner,estimated_profit_error,5,17450.70395264926,1975.8506766226776,883.6272852634523,18275.313618915512,14579.92537292666,19536.871241164874,14756.79751426361,19434.460391442695
Combined severe,T-learner,analytic_policy_identification_gap,5,15070.11012757372,441.1134335450358,197.2719246390072,15131.455217688708,14463.496318075373,15511.239517859694,14497.227220641249,15504.470990124793
Combined severe,Treat nobody,incremental_profit,5,0.0,0.0,0.0,0.0,0.0,0.0,0.0,0.0
Combined severe,Treat nobody,oracle_profit_captured,5,0.0,0.0,0.0,0.0,0.0,0.0,0.0,0.0
Combined severe,Treat nobody,regret_vs_oracle,5,3636.1651885726374,90.88650996112538,40.645682902157624,3650.935566792139,3530.1827258232115,3735.485866639936,3532.729133933587,3732.7947776440355
Combined severe,Treat nobody,estimated_profit_error,5,0.0,0.0,0.0,0.0,0.0,0.0,0.0,0.0
Combined severe,Treat nobody,analytic_policy_identification_gap,5,0.0,0.0,0.0,0.0,0.0,0.0,0.0,0.0
Moderate hidden,DR-learner,incremental_profit,5,5455.51899490028,204.836305703119,91.60558076242039,5407.152568856627,5274.797113837962,5782.159850696495,5277.652564170729,5754.957248021312
Moderate hidden,DR-learner,oracle_profit_captured,5,0.7670319625823456,0.023582770519685246,0.01054653559595885,0.7588364901511122,0.7457186962905469,0.7956208780697851,0.7457919489126013,0.7949120428517259
Moderate hidden,DR-learner,regret_vs_oracle,5,1656.9129911335526,171.56201579257674,76.7248659338188,1676.367178205448,1477.699452471079,1843.7754228292524,1478.4616518319006,1839.538026154596
Moderate hidden,DR-learner,estimated_profit_error,5,6117.901594820067,1904.674223527833,851.7962077599727,6459.51856594789,3490.0329306672793,8028.352532319099,3634.345421561583,7993.361889642764
Moderate hidden,DR-learner,analytic_policy_identification_gap,5,5440.0543616504765,221.2599234547869,98.95044590826072,5556.81322845471,5093.286498882478,5614.218760840168,5118.497724853905,5611.852340903979
Moderate hidden,Oracle,incremental_profit,5,7112.431986033831,145.61293349851837,65.12008354116867,7104.75307324833,6951.16429204341,7267.48129677579,6954.831190480643,7265.825966266799
Moderate hidden,Oracle,oracle_profit_captured,5,1.0,0.0,0.0,1.0,1.0,1.0,1.0,1.0
Moderate hidden,Oracle,regret_vs_oracle,5,0.0,0.0,0.0,0.0,0.0,0.0,0.0,0.0
Moderate hidden,Oracle,estimated_profit_error,0,,,,,,,,
Moderate hidden,Oracle,analytic_policy_identification_gap,0,,,,,,,,
Moderate hidden,Random,incremental_profit,5,877.0264401010697,192.9597229985396,86.29421150885281,831.6020321061214,671.7272917568353,1180.492738205814,682.1234005239403,1155.0056402861019
Moderate hidden,Random,oracle_profit_captured,5,0.12302505592219797,0.02514691636514215,0.011246042883391955,0.11468904849967618,0.09612812229277781,0.16243491933436943,0.09767442452027918,0.15921963189257
Moderate hidden,Random,regret_vs_oracle,5,6235.405545932762,131.4583884796923,58.789978570633444,6179.1313142396375,6086.988558569976,6419.325959579758,6095.83729397453,6409.003962087673
Moderate hidden,Random,estimated_profit_error,5,4348.882221919225,1027.207223541999,459.38103576374635,3703.3781988726478,3487.9070404814465,5476.811394655318,3500.2284806811845,5475.649558500574
Moderate hidden,Random,analytic_policy_identification_gap,5,4507.9811767631445,116.18756578095883,51.96065904529048,4472.946418519835,4377.147943007201,4672.351636452453,4383.735502577363,4662.560107519948
Moderate hidden,S-learner,incremental_profit,5,5556.6082830001515,309.02141931643473,138.19858001900292,5380.012815427826,5304.274275006699,5967.697357987381,5306.113365100587,5951.766801251971
Moderate hidden,S-learner,oracle_profit_captured,5,0.7808727639885016,0.029459966133600232,0.013174897377914354,0.7699114450233969,0.7491696222331933,0.8211507005370545,0.7505603697999905,0.8191411259081187
Moderate hidden,S-learner,regret_vs_oracle,5,1555.8237030336804,187.47175852109896,83.83991918292054,1607.8204609879213,1299.7839387884087,1782.0878973027593,1314.059165014828,1768.5681092761545
Moderate hidden,S-learner,estimated_profit_error,5,6469.852596843533,2185.776372655389,977.5089105740724,6272.057791559806,4074.710148737242,9641.863107445768,4160.664758211296,9420.314366000897
Moderate hidden,S-learner,analytic_policy_identification_gap,5,5388.4674149948505,152.59828749721123,68.24402881876411,5420.743649412944,5128.085075808798,5525.492522622655,5156.050120178038,5518.971301123255
Moderate hidden,T-learner,incremental_profit,5,4999.140569528539,407.45586303273524,182.21980151440792,5118.352140852794,4338.052745733672,5431.479715965412,4399.659334003532,5403.701706034724
Moderate hidden,T-learner,oracle_profit_captured,5,0.7030145941511476,0.057540356344533514,0.02573282964718765,0.7324662650620849,0.6105845904860268,0.7473675533743832,0.617850056790328,0.7467723288673653
Moderate hidden,T-learner,regret_vs_oracle,5,2113.2914165052925,417.34328742798874,186.64159212844322,1869.4811355629536,1797.4646753848683,2766.700327514658,1801.3183659274193,2719.7112310885527
Moderate hidden,T-learner,estimated_profit_error,5,6998.471480402732,2207.268645699296,987.1205472775049,7479.185927720637,4409.180602061153,9787.438435023825,4483.378127726991,9625.234249370293
Moderate hidden,T-learner,analytic_policy_identification_gap,5,5092.376560062925,161.0132555026971,72.00731691651455,5058.69894348498,4934.05519845775,5273.004709596334,4935.4875658395995,5270.4787462866325
Moderate hidden,Treat nobody,incremental_profit,5,0.0,0.0,0.0,0.0,0.0,0.0,0.0,0.0
Moderate hidden,Treat nobody,oracle_profit_captured,5,0.0,0.0,0.0,0.0,0.0,0.0,0.0,0.0
Moderate hidden,Treat nobody,regret_vs_oracle,5,7112.431986033831,145.61293349851837,65.12008354116867,7104.75307324833,6951.16429204341,7267.48129677579,6954.831190480643,7265.825966266799
Moderate hidden,Treat nobody,estimated_profit_error,5,0.0,0.0,0.0,0.0,0.0,0.0,0.0,0.0
Moderate hidden,Treat nobody,analytic_policy_identification_gap,5,0.0,0.0,0.0,0.0,0.0,0.0,0.0,0.0
Moderate overlap,DR-learner,incremental_profit,5,6849.233093744266,177.70918348348093,79.47396289900924,6847.739419955073,6587.93010259431,7087.713234915673,6613.187799140287,7067.169475744325
Moderate overlap,DR-learner,oracle_profit_captured,5,0.7855258851735777,0.019963333390021997,0.0089278741035161,0.7966677710490477,0.7559064259880451,0.8024554790188678,0.7577111141079342,0.8020745753794802
Moderate overlap,DR-learner,regret_vs_oracle,5,1871.2019282138067,188.47731878370809,84.28961940345384,1786.9437555039804,1685.7426223478178,2127.3418888869473,1691.7575175821098,2115.616679962208
Moderate overlap,DR-learner,estimated_profit_error,5,-461.04945229281464,1727.8596141815158,772.7223105772857,-710.7129332819732,-2605.3483153117427,2184.8922209758657,-2438.79428507974,1942.975976792828
Moderate overlap,DR-learner,analytic_policy_identification_gap,5,1.9095836023552692e-14,6.627203852167204e-14,2.963775662838867e-14,-8.881784197001252e-15,-4.440892098500626e-14,9.992007221626409e-14,-4.3076653355456074e-14,9.792167077193881e-14
Moderate overlap,Oracle,incremental_profit,5,8720.435021958072,163.0094396190399,72.90003759246413,8715.271991481257,8533.48204230289,8892.365442841743,8538.773702347084,8890.594597599535
Moderate overlap,Oracle,oracle_profit_captured,5,1.0,0.0,0.0,1.0,1.0,1.0,1.0,1.0
Moderate overlap,Oracle,regret_vs_oracle,5,0.0,0.0,0.0,0.0,0.0,0.0,0.0,0.0
Moderate overlap,Oracle,estimated_profit_error,0,,,,,,,,
Moderate overlap,Oracle,analytic_policy_identification_gap,0,,,,,,,,
Moderate overlap,Random,incremental_profit,5,1405.4760898562315,225.01725141553553,100.63077405505963,1336.035036105569,1205.0967041878102,1774.595396505163,1211.1204175061814,1741.767804365756
Moderate overlap,Random,oracle_profit_captured,5,0.16093788630055283,0.023501406770399334,0.01051014862109734,0.15054497740564418,0.14034949392968965,0.19956393019516455,0.14114241704056968,0.19620276766902567
Moderate overlap,Random,regret_vs_oracle,5,7314.958932101843,156.21926349419522,69.86337851359437,7268.952516370164,7117.77004633658,7538.621954314084,7132.8078621960585,7522.889952738377
Moderate overlap,Random,estimated_profit_error,5,-1579.2776286570165,1529.8221238795381,684.1572524955503,-2051.9837336431824,-3357.927050575926,224.97482767432234,-3272.1425391599173,181.3403198744446
Moderate overlap,Random,analytic_policy_identification_gap,5,9.547918011776346e-15,8.14089533158855e-14,3.6407190718285377e-14,-1.9984014443252818e-14,-6.550315845288424e-14,1.3988810110276972e-13,-6.294964549624638e-14,1.2922996006636822e-13
Moderate overlap,S-learner,incremental_profit,5,6296.009595190148,858.4194525654585,383.8968498289043,6452.155656540281,5020.958623843166,7162.501117993626,5110.352968316482,7139.204057093997
Moderate overlap,S-learner,oracle_profit_captured,5,0.7228792308991527,0.10613985524063028,0.04746718628800732,0.725583726626327,0.5761103759872213,0.8341682486458584,0.5851486981886759,0.8319554443047316
Moderate overlap,S-learner,regret_vs_oracle,5,2424.425426767927,945.2084015229556,422.7100477418489,2440.2097863014624,1423.897524751199,3694.313367638091,1441.9029256066349,3620.8575230586143
Moderate overlap,S-learner,estimated_profit_error,5,-374.94947002170494,2378.88476025236,1063.8696069125133,-1149.7192521944662,-2727.877864712159,3413.59482155309,-2623.8211169696206,3099.891872650959
Moderate overlap,S-learner,analytic_policy_identification_gap,5,7.860379014346108e-14,7.30995660502908e-14,3.269111976283721e-14,9.103828801926284e-14,-2.6645352591003757e-14,1.4654943925052066e-13,-1.9984014443252818e-14,1.461053500406706e-13
Moderate overlap,T-learner,incremental_profit,5,6687.154322957375,493.36527670781993,220.6396592913358,6868.998906855864,5856.113586744259,7134.925983527946,5937.215017685452,7112.293909325414
Moderate overlap,T-learner,oracle_profit_captured,5,0.7672720463138829,0.062257791323945086,0.027842530705867567,0.7724602582977889,0.6719369851529955,0.8361095679533975,0.679868758003558,0.832958481808719
Moderate overlap,T-learner,regret_vs_oracle,5,2033.2806990006982,557.1762213361081,249.17678127080129,2023.3665359858787,1398.5560587749442,2859.158404736998,1426.4797930216705,2793.9954736896443
Moderate overlap,T-learner,estimated_profit_error,5,73.560981499652,3075.881134155608,1375.575861336218,263.9324300273256,-4539.345569304091,4124.365622461846,-4075.4247165150364,3753.8280067883334
Moderate overlap,T-learner,analytic_policy_identification_gap,5,6.217248937900877e-15,8.750924086879609e-14,3.913532224840616e-14,-4.440892098500626e-15,-1.199040866595169e-13,1.199040866595169e-13,-1.0880185641326534e-13,1.1235457009206584e-13
Moderate overlap,Treat nobody,incremental_profit,5,0.0,0.0,0.0,0.0,0.0,0.0,0.0,0.0
Moderate overlap,Treat nobody,oracle_profit_captured,5,0.0,0.0,0.0,0.0,0.0,0.0,0.0,0.0
Moderate overlap,Treat nobody,regret_vs_oracle,5,8720.435021958072,163.0094396190399,72.90003759246413,8715.271991481257,8533.48204230289,8892.365442841743,8538.773702347084,8890.594597599535
Moderate overlap,Treat nobody,estimated_profit_error,5,0.0,0.0,0.0,0.0,0.0,0.0,0.0,0.0
Moderate overlap,Treat nobody,analytic_policy_identification_gap,5,0.0,0.0,0.0,0.0,0.0,0.0,0.0,0.0
Severe hidden,DR-learner,incremental_profit,5,2150.319421926323,123.49533729649968,55.228793819847674,2145.005798756646,1973.3690418339438,2284.5055480078518,1986.2212281705858,2280.7375747903475
Severe hidden,DR-learner,oracle_profit_captured,5,0.591510049274296,0.03431284443031471,0.015345170529511747,0.5875222280740867,0.5589991213199225,0.6425006959513729,0.5593674157945051,0.6388352398522705
Severe hidden,DR-learner,regret_vs_oracle,5,1485.8457666463141,135.9671918287882,60.80637672778487,1505.929768035493,1271.1412589191132,1633.5949614395722,1290.2020491120143,1625.9168336945418
Severe hidden,DR-learner,estimated_profit_error,5,18495.652337176267,626.2688630050623,280.0759499741645,18777.345021732697,17570.04105648367,19101.716442225927,17628.114037558924,19079.38362782362
Severe hidden,DR-learner,analytic_policy_identification_gap,5,17487.510135349847,676.5488028217252,302.5618226410958,17659.881429079956,16671.636065484643,18191.61126389601,16693.717175264097,18174.647613007353
Severe hidden,Oracle,incremental_profit,5,3636.1651885726374,90.88650996112538,40.645682902157624,3650.935566792139,3530.1827258232115,3735.485866639936,3532.729133933587,3732.7947776440355
Severe hidden,Oracle,oracle_profit_captured,5,1.0,0.0,0.0,1.0,1.0,1.0,1.0,1.0
Severe hidden,Oracle,regret_vs_oracle,5,0.0,0.0,0.0,0.0,0.0,0.0,0.0,0.0
Severe hidden,Oracle,estimated_profit_error,0,,,,,,,,
Severe hidden,Oracle,analytic_policy_identification_gap,0,,,,,,,,
Severe hidden,Random,incremental_profit,5,-480.6170633096217,134.23732958005948,60.032758811811256,-471.70256850956775,-687.1161888218558,-318.9330540822684,-668.2567294070348,-329.7209397201186
Severe hidden,Random,oracle_profit_captured,5,-0.13272862433947702,0.0394022981187827,0.017621243412662038,-0.1262760950917112,-0.19324646854216349,-0.08599881520197934,-0.18804351547526788,-0.0890894141806138
Severe hidden,Random,regret_vs_oracle,5,4116.782251882259,101.60677632672044,45.439931768232654,4077.7474772529094,4027.5080307632015,4242.762995748821,4027.6276597365672,4239.205539688889
Severe hidden,Random,estimated_profit_error,5,14890.736399006713,1585.238877523199,708.9403781434673,14423.548433757038,13373.526271081386,16825.13663787576,13390.113898432432,16771.829784860936
Severe hidden,Random,analytic_policy_identification_gap,5,14790.771121145779,328.8008911328068,147.04422872709276,14705.209496816335,14408.44578433191,15262.626430576353,14429.703228941646,15232.019153876221
Severe hidden,S-learner,incremental_profit,5,2306.5865467101257,50.1992529127994,22.449788386544757,2305.0938745179137,2251.117389029747,2363.9416389801845,2252.3370202280826,2362.494088083134
Severe hidden,S-learner,oracle_profit_captured,5,0.6346153256863858,0.019258949301742722,0.008612863962783766,0.628958645243924,0.6165864469111052,0.6648415231723384,0.6170835868276152,0.6624705875579401
Severe hidden,S-learner,regret_vs_oracle,5,1329.5786418625114,95.55411307334074,42.73309847233825,1386.0197366302564,1191.7051679467804,1403.4811021630194,1199.2215536331132,1403.1148097229566
Severe hidden,S-learner,estimated_profit_error,5,18726.215876046193,1553.6702737577846,694.8224693486228,18278.49619359841,17187.095194682337,21203.105234791445,17252.039124981475,20995.379537260807
Severe hidden,S-learner,analytic_policy_identification_gap,5,17491.000482140713,454.8967100644586,203.43599328902843,17590.710768286444,16727.37324573791,17931.99250870714,16806.126177167986,17907.795590629765
Severe hidden,T-learner,incremental_profit,5,1948.4594116567023,163.40507496066385,73.07697109609863,1965.5502366989203,1722.3916989947993,2139.3788086665927,1736.2078122969212,2130.8832759906513
Severe hidden,T-learner,oracle_profit_captured,5,0.5360754878200376,0.046945275481733065,0.020994565439921863,0.5300014827954296,0.4879044040399214,0.6016848480278589,0.48892148261577173,0.5977875146689283
Severe hidden,T-learner,regret_vs_oracle,5,1687.7057769159342,183.3912880276801,82.01507730222721,1743.0247399820128,1416.2679982603722,1874.9330346239167,1434.2924069228309,1868.2188338443661
Severe hidden,T-learner,estimated_profit_error,5,15774.319626691333,2104.9224303941287,941.3499283450682,15677.428377391545,13105.388392653946,17998.33598001281,13233.583007727802,17968.813466012114
Severe hidden,T-learner,analytic_policy_identification_gap,5,15529.750741043163,920.4546895035635,411.639851187686,15334.356110873567,14498.749377464817,16851.268177257367,14545.282627678987,16766.171175532985
Severe hidden,Treat nobody,incremental_profit,5,0.0,0.0,0.0,0.0,0.0,0.0,0.0,0.0
Severe hidden,Treat nobody,oracle_profit_captured,5,0.0,0.0,0.0,0.0,0.0,0.0,0.0,0.0
Severe hidden,Treat nobody,regret_vs_oracle,5,3636.1651885726374,90.88650996112538,40.645682902157624,3650.935566792139,3530.1827258232115,3735.485866639936,3532.729133933587,3732.7947776440355
Severe hidden,Treat nobody,estimated_profit_error,5,0.0,0.0,0.0,0.0,0.0,0.0,0.0,0.0
Severe hidden,Treat nobody,analytic_policy_identification_gap,5,0.0,0.0,0.0,0.0,0.0,0.0,0.0,0.0
Severe overlap,DR-learner,incremental_profit,5,6460.68871372967,418.39669178976646,187.1126888805892,6476.192318549993,5893.029058897879,7021.532721848836,5931.589641758289,6982.784907848919
Severe overlap,DR-learner,oracle_profit_captured,5,0.7411005627029194,0.050805590308520825,0.022720950713371414,0.7357647038309812,0.6761727074792411,0.8177506093060052,0.6813841161212678,0.8107283482752908
Severe overlap,DR-learner,regret_vs_oracle,5,2259.746308228404,453.90556410230903,202.99273933963025,2254.8471548009074,1564.865920895989,2822.242932583378,1632.4395696633894,2781.6359517542155
Severe overlap,DR-learner,estimated_profit_error,5,-1055.841698188538,4611.236768544143,2062.2077749622335,-1960.2640397702162,-4381.189969526387,6872.040163209003,-4365.635930224526,6026.421640053371
Severe overlap,DR-learner,analytic_policy_identification_gap,5,6.794564910705958e-14,6.037408732384149e-14,2.7000112667123585e-14,5.995204332975845e-14,4.440892098500626e-15,1.354472090042691e-13,5.551115123125783e-15,1.3433698597964394e-13
Severe overlap,Oracle,incremental_profit,5,8720.435021958072,163.0094396190399,72.90003759246413,8715.271991481257,8533.48204230289,8892.365442841743,8538.773702347084,8890.594597599535
Severe overlap,Oracle,oracle_profit_captured,5,1.0,0.0,0.0,1.0,1.0,1.0,1.0,1.0
Severe overlap,Oracle,regret_vs_oracle,5,0.0,0.0,0.0,0.0,0.0,0.0,0.0,0.0
Severe overlap,Oracle,estimated_profit_error,0,,,,,,,,
Severe overlap,Oracle,analytic_policy_identification_gap,0,,,,,,,,
Severe overlap,Random,incremental_profit,5,1405.4760898562315,225.01725141553553,100.63077405505963,1336.035036105569,1205.0967041878102,1774.595396505163,1211.1204175061814,1741.767804365756
Severe overlap,Random,oracle_profit_captured,5,0.16093788630055283,0.023501406770399334,0.01051014862109734,0.15054497740564418,0.14034949392968965,0.19956393019516455,0.14114241704056968,0.19620276766902567
Severe overlap,Random,regret_vs_oracle,5,7314.958932101843,156.21926349419522,69.86337851359437,7268.952516370164,7117.77004633658,7538.621954314084,7132.8078621960585,7522.889952738377
Severe overlap,Random,estimated_profit_error,5,-3385.0850888259934,2346.8266288595423,1049.5327747073213,-2465.8357076090724,-7026.600538655851,-858.9064365137244,-6739.935028592533,-1014.4295251952165
Severe overlap,Random,analytic_policy_identification_gap,5,-4.796163466380676e-14,7.67195439837873e-14,3.4310023110106684e-14,-5.995204332975845e-14,-1.509903313490213e-13,5.10702591327572e-14,-1.4366285938649526e-13,4.574118861455644e-14
Severe overlap,S-learner,incremental_profit,5,4058.5430446492333,1433.5661602883938,641.1102769296416,3746.748561761052,2753.3435141736154,6372.251761662954,2784.850928851841,6170.221957965925
Severe overlap,S-learner,oracle_profit_captured,5,0.46702712019693465,0.17114071088171573,0.07653645264983086,0.4213444202045411,0.31592169663377934,0.7421332303325167,0.3189045833840553,0.7189184762669947
Severe overlap,S-learner,regret_vs_oracle,5,4661.891977308841,1537.5159225114116,687.5980238447631,5145.616881080691,2214.1468810818715,5961.9284773076415,2410.8850247347063,5946.359562523256
Severe overlap,S-learner,estimated_profit_error,5,741.1520991422706,1654.458685720336,739.8964174471264,845.8800772173022,-1698.0057120673719,2961.092112630743,-1464.7647952496977,2761.2219575497998
Severe overlap,S-learner,analytic_policy_identification_gap,5,1.687538997430238e-14,6.172680270528749e-14,2.760506537654815e-14,8.881784197001252e-15,-6.661338147750939e-14,1.0658141036401503e-13,-5.906386491005833e-14,9.85878045867139e-14
Severe overlap,T-learner,incremental_profit,5,6563.816678998,509.95761217385916,228.05997729284468,6764.816991952997,5680.126844273438,6899.619355990195,5770.676144193799,6898.547456320807
Severe overlap,T-learner,oracle_profit_captured,5,0.7529661166148403,0.06126701363356035,0.027399441452609467,0.7774519469809881,0.6517440706182754,0.8023038116355308,0.6606289213074706,0.8013472481048957
Severe overlap,T-learner,regret_vs_oracle,5,2156.618342960074,545.1188124851325,243.78454410614344,1975.0376344294582,1697.4982834485036,3035.145147207819,1704.6149601386426,2962.3051924235065
Severe overlap,T-learner,estimated_profit_error,5,733.5861738077377,3803.3830301602097,1700.9245999814723,-699.3988154444487,-3256.6061531423047,6780.098325056781,-3013.9180892041977,6269.444795184092
Severe overlap,T-learner,analytic_policy_identification_gap,5,2.842170943040401e-14,6.621249489911835e-14,2.961112791085734e-14,5.773159728050814e-14,-5.3290705182007514e-14,1.0658141036401503e-13,-5.062616992290714e-14,1.0169642905566434e-13
Severe overlap,Treat nobody,incremental_profit,5,0.0,0.0,0.0,0.0,0.0,0.0,0.0,0.0
Severe overlap,Treat nobody,oracle_profit_captured,5,0.0,0.0,0.0,0.0,0.0,0.0,0.0,0.0
Severe overlap,Treat nobody,regret_vs_oracle,5,8720.435021958072,163.0094396190399,72.90003759246413,8715.271991481257,8533.48204230289,8892.365442841743,8538.773702347084,8890.594597599535
Severe overlap,Treat nobody,estimated_profit_error,5,0.0,0.0,0.0,0.0,0.0,0.0,0.0,0.0
Severe overlap,Treat nobody,analytic_policy_identification_gap,5,0.0,0.0,0.0,0.0,0.0,0.0,0.0,0.0
