seed,scenario,overlap_strength,hidden_strength,policy,treated_count,treatment_rate,capacity_feasible,mean_cate_treated,incremental_retained_customers,expected_retention_rate,incremental_revenue,campaign_cost,incremental_profit,profit_per_treated_customer,oracle_profit,regret_vs_oracle,oracle_profit_captured,aipw_profit,aipw_lower,aipw_upper,estimated_profit_error,reference_aipw_profit,analytic_association_profit,analytic_policy_identification_gap,threshold,calibration_treated,qualified_before_cap,capacity_cap_active,baseline_value,baseline_delta
42,Baseline,1.0,0.0,Treat nobody,0,0.0,True,0.0,0.0,0.6239656475041145,0.0,0.0,0.0,0.0,8715.271991481257,8715.271991481257,0.0,0.0,0.0,0.0,0.0,0.0,0.0,0.0,,,,,0.0,0.0
42,Baseline,1.0,0.0,Random,600,0.2,True,0.1551316557314811,93.07899343888866,0.6549919786504107,7446.319475111093,6000.0,1446.3194751110932,2.410532458518489,8715.271991481257,7268.952516370164,0.16595230493377583,-1264.7543223953744,-5149.180907061338,2619.6722622705893,-2711.0737975064676,-1271.8181496348357,1446.3194751110927,-2.220446049250313e-15,,,,,1446.3194751110932,0.0
42,Baseline,1.0,0.0,S-learner,563,0.18766666666666668,True,0.2725706370938003,153.45726868380956,0.6751180703987176,12276.581494704766,5630.0,6646.581494704766,11.805650967504024,8715.271991481257,2068.6904967764913,0.7626361519412667,4552.402612051237,915.9122340857168,8188.892990016758,-2094.1788826535285,4476.119345215942,6646.581494704766,4.884981308350689e-14,1.12878715302843,600.0,563.0,False,6646.581494704766,0.0
42,Baseline,1.0,0.0,T-learner,568,0.18933333333333333,True,0.25677654554830714,145.84907787143845,0.6725820067945939,11667.926229715076,5680.0,5987.926229715076,10.54212364386457,8715.271991481257,2727.3457617661807,0.68706131438789,4414.139027105418,710.6563501623633,8117.6217040484735,-1573.7872026096584,4147.292601640301,5987.926229715078,1.9539925233402755e-13,3.2910878787531583,600.0,568.0,False,5987.926229715076,0.0
42,Baseline,1.0,0.0,DR-learner,579,0.193,True,0.27600237958513546,159.80537777979345,0.6772341067640456,12784.430222383475,5790.0,6994.430222383475,12.080190366810838,8715.271991481257,1720.8417690977822,0.8025487017754789,4998.545263416431,1265.1901208181746,8731.900406014687,-1995.8849589670435,4947.3994885600505,6994.430222383475,8.881784197001252e-14,9.685156347351985,600.0,579.0,False,6994.430222383475,0.0
42,Baseline,1.0,0.0,Oracle,600,0.2,True,0.30656816648919283,183.9408998935157,0.6852792808019531,14715.271991481257,6000.0,8715.271991481257,14.525453319135428,8715.271991481257,0.0,1.0,,,,,,,,,,,,8715.271991481257,0.0
42,Moderate overlap,2.5,0.0,Treat nobody,0,0.0,True,0.0,0.0,0.6239656475041145,0.0,0.0,0.0,0.0,8715.271991481257,8715.271991481257,0.0,0.0,0.0,0.0,0.0,0.0,0.0,0.0,,,,,0.0,0.0
42,Moderate overlap,2.5,0.0,Random,600,0.2,True,0.1551316557314811,93.07899343888866,0.6549919786504107,7446.319475111093,6000.0,1446.3194751110932,2.410532458518489,8715.271991481257,7268.952516370164,0.16595230493377583,-1053.7624613047483,-5676.657896889028,3569.1329742795315,-2500.0819364158415,-1855.48953163028,1446.3194751110925,-6.550315845288424e-14,,,,,1446.3194751110932,0.0
42,Moderate overlap,2.5,0.0,S-learner,376,0.12533333333333332,True,0.2919201670160627,109.76198279803958,0.660552975103461,8780.958623843166,3760.0,5020.958623843166,13.353613361285015,8715.271991481257,3694.313367638091,0.5761103759872213,3333.648236556391,64.66154172839089,6602.634931384392,-1687.3103872867746,3632.0525499754526,5020.958623843166,-2.6645352591003757e-14,0.0027381986792729407,418.0,376.0,False,6646.581494704766,-1625.6228708616
42,Moderate overlap,2.5,0.0,T-learner,555,0.185,True,0.25689445015189777,142.57641983430324,0.6714911207822156,11406.113586744259,5550.0,5856.113586744259,10.551556012151819,8715.271991481257,2859.158404736998,0.6719369851529955,1316.7680174401676,-2514.4040803903663,5147.940115270701,-4539.345569304091,1589.8402570365893,5856.113586744261,-8.881784197001252e-15,7.835340734227469,600.0,555.0,False,5987.926229715076,-131.81264297081725
42,Moderate overlap,2.5,0.0,DR-learner,590,0.19666666666666666,True,0.26457479030920145,156.09912628242887,0.6759986895982575,12487.93010259431,5900.0,6587.93010259431,11.165983224736118,8715.271991481257,2127.3418888869473,0.7559064259880451,3982.581787282567,0.7172486742155204,7964.446325890917,-2605.3483153117427,4927.909148787717,6587.930102594311,7.993605777301127e-14,8.769941755053736,600.0,590.0,False,6994.430222383475,-406.5001197891652
42,Moderate overlap,2.5,0.0,Oracle,600,0.2,True,0.30656816648919283,183.9408998935157,0.6852792808019531,14715.271991481257,6000.0,8715.271991481257,14.525453319135428,8715.271991481257,0.0,1.0,,,,,,,,,,,,8715.271991481257,0.0
42,Severe overlap,5.0,0.0,Treat nobody,0,0.0,True,0.0,0.0,0.6239656475041145,0.0,0.0,0.0,0.0,8715.271991481257,8715.271991481257,0.0,0.0,0.0,0.0,0.0,0.0,0.0,0.0,,,,,0.0,0.0
42,Severe overlap,5.0,0.0,Random,600,0.2,True,0.1551316557314811,93.07899343888866,0.6549919786504107,7446.319475111093,6000.0,1446.3194751110932,2.410532458518489,8715.271991481257,7268.952516370164,0.16595230493377583,587.4130385973688,-3080.7394870715684,4255.565564266306,-858.9064365137244,4327.981085506957,1446.3194751110925,-5.995204332975845e-14,,,,,1446.3194751110932,0.0
42,Severe overlap,5.0,0.0,S-learner,180,0.06,True,0.31620441070650107,56.91679392717019,0.6429379121465046,4553.343514173615,1800.0,2753.3435141736154,15.296352856520086,8715.271991481257,5961.9284773076415,0.31592169663377934,3599.2235913909176,668.7427983631454,6529.704384418689,845.8800772173022,3422.1062092689845,2753.343514173615,8.881784197001252e-15,0.0016653178740853036,201.0,180.0,False,6646.581494704766,-3893.2379805311502
42,Severe overlap,5.0,0.0,T-learner,555,0.185,True,0.25293078478093334,140.37658555341798,0.6707578426885872,11230.126844273438,5550.0,5680.126844273438,10.234462782474663,8715.271991481257,3035.145147207819,0.6517440706182754,2423.5206911311334,-2479.4014668693812,7326.4428491316485,-3256.6061531423047,3140.246714379363,5680.126844273438,5.773159728050814e-14,8.476034310591164,600.0,555.0,False,5987.926229715076,-307.79938544163815
42,Severe overlap,5.0,0.0,DR-learner,589,0.19633333333333333,True,0.2500642839324677,147.28786323622347,0.673061601916189,11783.029058897879,5890.0,5893.029058897879,10.005142714597417,8715.271991481257,2822.242932583378,0.6761727074792411,1667.3794823900969,-4565.180432524377,7899.939397304572,-4225.649576507782,2385.250395770122,5893.02905889788,1.554312234475219e-14,7.233569034434211,600.0,589.0,False,6994.430222383475,-1101.401163485596
42,Severe overlap,5.0,0.0,Oracle,600,0.2,True,0.30656816648919283,183.9408998935157,0.6852792808019531,14715.271991481257,6000.0,8715.271991481257,14.525453319135428,8715.271991481257,0.0,1.0,,,,,,,,,,,,8715.271991481257,0.0
42,Moderate hidden,1.0,0.8,Treat nobody,0,0.0,True,0.0,0.0,0.6142513429748448,0.0,0.0,0.0,0.0,7104.75307324833,7104.75307324833,0.0,0.0,0.0,0.0,0.0,0.0,0.0,0.0,,,,,0.0,0.0
42,Moderate hidden,1.0,0.8,Random,600,0.2,True,0.14428378664601443,86.57027198760866,0.6431081003040476,6925.621759008693,6000.0,925.6217590086926,1.5427029316811542,7104.75307324833,6179.1313142396375,0.13028204491637504,6390.814792116579,3092.452200520798,9689.17738371236,5465.193033107887,6371.836014957594,5398.5681775285275,4472.946418519835,,,,,1446.3194751110932,-520.6977161024006
42,Moderate hidden,1.0,0.8,S-learner,600,0.2,True,0.2358888578321994,141.53331469931965,0.6614291145412847,11322.66517594557,6000.0,5322.665175945571,8.871108626575952,7104.75307324833,1782.0878973027593,0.7491696222331933,10256.921419423357,6828.357859638956,13685.484979207758,4934.2562434777865,10329.909319729173,10730.40069544677,5407.735519501197,10.11377241003239,600.0,616.0,True,6646.581494704766,-1323.9163187591948
42,Moderate hidden,1.0,0.8,T-learner,600,0.2,True,0.21537609886945147,129.2256593216709,0.6573265627487351,10338.052745733672,6000.0,4338.052745733672,7.23008790955612,7104.75307324833,2766.700327514658,0.6105845904860268,9489.208604453202,6218.2693477396615,12760.147861166744,5151.15585871953,9654.481867511893,9286.431618009916,4948.378872276245,4.171928970559522,600.0,600.0,False,5987.926229715076,-1649.8734839814042
42,Moderate hidden,1.0,0.8,DR-learner,548,0.18266666666666667,True,0.24597061170542062,134.7918952145705,0.659181974713035,10783.351617165641,5480.0,5303.351617165641,9.677648936433652,7104.75307324833,1801.401456082689,0.7464512225110902,8793.38454783292,5334.6532142612805,12252.115881404561,3490.0329306672793,8578.726852516951,10396.63811604812,5093.286498882478,15.399960025922002,600.0,548.0,False,6994.430222383475,-1691.0786052178337
42,Moderate hidden,1.0,0.8,Oracle,600,0.2,True,0.27301568902600687,163.80941341560413,0.6688544807800462,13104.75307324833,6000.0,7104.75307324833,11.84125512208055,7104.75307324833,0.0,1.0,,,,,,,,,,,,8715.271991481257,-1610.5189182329268
42,Severe hidden,1.0,1.6,Treat nobody,0,0.0,True,0.0,0.0,0.5898077974670777,0.0,0.0,0.0,0.0,3650.935566792139,3650.935566792139,0.0,0.0,0.0,0.0,0.0,0.0,0.0,0.0,,,,,0.0,0.0
42,Severe hidden,1.0,1.6,Random,600,0.2,True,0.11610808519873395,69.66485111924037,0.6130294145068245,5573.18808953923,6000.0,-426.8119104607704,-0.711353184101284,3650.935566792139,4077.7474772529094,-0.11690480498832378,16398.324727414987,13323.275220432102,19473.374234397874,16825.13663787576,16317.660859143416,14278.397586355564,14705.209496816335,,,,,1446.3194751110932,-1873.1313855718636
42,Severe hidden,1.0,1.6,S-learner,600,0.2,True,0.1718982789381197,103.13896736287182,0.6241874532547016,8251.117389029747,6000.0,2251.117389029747,3.751862315049578,3650.935566792139,1399.8181777623922,0.6165864469111052,20087.651886703447,16732.147367639347,23443.15640576755,17836.5344976737,20215.433889293126,19766.019949068446,17514.9025600387,29.421863894178692,600.0,606.0,True,6646.581494704766,-4395.464105675019
42,Severe hidden,1.0,1.6,T-learner,600,0.2,True,0.16780048920639962,100.68029352383977,0.6233678953083576,8054.423481907181,6000.0,2054.4234819071808,3.424039136511968,3650.935566792139,1596.5120848849583,0.5627115144385528,20052.759461919988,16824.987482654396,23280.531441185576,17998.33598001281,20175.381581509897,18054.72164192073,16000.298160013548,6.853257680128127,600.0,616.0,True,5987.926229715076,-3933.5027478078955
42,Severe hidden,1.0,1.6,DR-learner,546,0.182,True,0.17410727561256056,95.06257248445807,0.6214953216285637,7605.005798756646,5460.0,2145.005798756646,3.9285820490048464,3650.935566792139,1505.929768035493,0.5875222280740867,19715.046855240318,16448.130474010246,22981.96323647039,17570.04105648367,19737.194027007987,18816.64186424129,16671.636065484643,33.322396231619,600.0,546.0,False,6994.430222383475,-4849.424423626829
42,Severe hidden,1.0,1.6,Oracle,600,0.2,True,0.2010611576415029,120.63669458490173,0.6300200289953782,9650.935566792139,6000.0,3650.935566792139,6.084892611320232,3650.935566792139,0.0,1.0,,,,,,,,,,,,8715.271991481257,-5064.336424689118
42,Combined severe,5.0,1.6,Treat nobody,0,0.0,True,0.0,0.0,0.5898077974670777,0.0,0.0,0.0,0.0,3650.935566792139,3650.935566792139,0.0,0.0,0.0,0.0,0.0,0.0,0.0,0.0,,,,,0.0,0.0
42,Combined severe,5.0,1.6,Random,600,0.2,True,0.11610808519873395,69.66485111924037,0.6130294145068245,5573.18808953923,6000.0,-426.8119104607704,-0.711353184101284,3650.935566792139,4077.7474772529094,-0.11690480498832378,13883.359354568025,10782.255943290216,16984.462765845834,14310.171265028795,15646.677515239955,12049.480832186855,12476.292742647625,,,,,1446.3194751110932,-1873.1313855718636
42,Combined severe,5.0,1.6,S-learner,600,0.2,True,0.16708320129616225,100.24992077769735,0.6232244377263101,8019.993662215788,6000.0,2019.9936622157884,3.3666561036929807,3650.935566792139,1630.9419045763507,0.5532811043254421,20362.049105816186,16565.24385929727,24158.854352335104,18342.0554436004,20393.5555838386,17923.03914558961,15903.045483373822,19.33622252060028,600.0,614.0,True,6646.581494704766,-4626.587832488977
42,Combined severe,5.0,1.6,T-learner,600,0.2,True,0.16773287883856464,100.63972730313878,0.6233543732347906,8051.178184251103,6000.0,2051.1781842511027,3.4186303070851713,3650.935566792139,1599.7573825410363,0.561822619634274,21588.049425415975,17858.36292114906,25317.73592968289,19536.871241164874,21800.315350516034,17494.7324247618,15443.554240510693,15.733465435964924,600.0,662.0,True,5987.926229715076,-3936.7480454639735
42,Combined severe,5.0,1.6,DR-learner,584,0.19466666666666665,True,0.16919305554212993,98.80874443660389,0.6227440456126123,7904.699554928311,5840.0,2064.699554928311,3.5354444433703955,3650.935566792139,1586.236011863828,0.5655261554622396,21733.459834330348,17879.25232538325,25587.667343277444,19668.760279402035,21790.470622430883,18047.71126202694,15983.011707098627,29.979343654039432,600.0,584.0,False,6994.430222383475,-4929.730667455164
42,Combined severe,5.0,1.6,Oracle,600,0.2,True,0.2010611576415029,120.63669458490173,0.6300200289953782,9650.935566792139,6000.0,3650.935566792139,6.084892611320232,3650.935566792139,0.0,1.0,,,,,,,,,,,,8715.271991481257,-5064.336424689118
43,Baseline,1.0,0.0,Treat nobody,0,0.0,True,0.0,0.0,0.6120797869143771,0.0,0.0,0.0,0.0,8892.365442841743,8892.365442841743,0.0,0.0,0.0,0.0,0.0,0.0,0.0,0.0,,,,,0.0,0.0
43,Baseline,1.0,0.0,Random,600,0.2,True,0.16197073742719087,97.18244245631453,0.6444739343998154,7774.595396505163,6000.0,1774.595396505163,2.957658994175272,8892.365442841743,7117.77004633658,0.19956393019516455,2349.751097554741,-1269.0344673237146,5968.536662433196,575.155701049578,2022.1198444756722,1774.5953965051617,-1.5543122344752192e-13,,,,,1774.595396505163,0.0
43,Baseline,1.0,0.0,S-learner,600,0.2,True,0.2831200671842035,169.8720403105221,0.668703800351218,13589.763224841769,6000.0,7589.7632248417685,12.64960537473628,8892.365442841743,1302.6022179999745,0.8535145427419928,11050.383321827867,7524.365671823883,14576.40097183185,3460.6200969860984,10665.132854029409,7589.763224841768,2.4424906541753444e-14,2.4005892739950863,600.0,600.0,False,7589.7632248417685,0.0
43,Baseline,1.0,0.0,T-learner,600,0.2,True,0.2666270658146962,159.97623948881773,0.6654052000773164,12798.099159105419,6000.0,6798.099159105419,11.330165265175697,8892.365442841743,2094.266283736324,0.7644871550547683,12070.520291310659,8494.616044071918,15646.424538549401,5272.42113220524,11729.11831152761,6798.099159105417,-3.3306690738754696e-14,4.044276860310365,600.0,602.0,True,6798.099159105419,0.0
43,Baseline,1.0,0.0,DR-learner,600,0.2,True,0.27819051989537624,166.91431193722576,0.6677178908934525,13353.144954978061,6000.0,7353.144954978061,12.255241591630101,8892.365442841743,1539.2204878636821,0.8269053945480009,12235.409729595347,8671.865120071285,15798.95433911941,4882.264774617286,12055.159804130788,7353.144954978061,-3.108624468950438e-14,10.608306204305705,600.0,612.0,True,7353.144954978061,0.0
43,Baseline,1.0,0.0,Oracle,600,0.2,True,0.31025761339253627,186.15456803552178,0.6741313095928846,14892.365442841743,6000.0,8892.365442841743,14.820609071402906,8892.365442841743,0.0,1.0,,,,,,,,,,,,8892.365442841743,0.0
43,Moderate overlap,2.5,0.0,Treat nobody,0,0.0,True,0.0,0.0,0.6120797869143771,0.0,0.0,0.0,0.0,8892.365442841743,8892.365442841743,0.0,0.0,0.0,0.0,0.0,0.0,0.0,0.0,,,,,0.0,0.0
43,Moderate overlap,2.5,0.0,Random,600,0.2,True,0.1619707374271909,97.18244245631453,0.6444739343998154,7774.595396505163,6000.0,1774.595396505163,2.957658994175272,8892.365442841743,7117.77004633658,0.19956393019516455,1563.2251461807082,-2454.843132487719,5581.293424849135,-211.3702503244549,2170.7266154971117,1774.5953965051622,-3.9968028886505635e-14,,,,,1774.595396505163,0.0
43,Moderate overlap,2.5,0.0,S-learner,499,0.16633333333333333,True,0.286627145704917,143.0269457067535,0.6597554354832951,11442.15565654028,4990.0,6452.155656540281,12.930171656393348,8892.365442841743,2440.2097863014624,0.725583726626327,9865.75047809337,6400.601228258304,13330.899727928438,3413.59482155309,9673.783324713459,6452.1556565402825,1.4654943925052066e-13,0.00010076819994431219,477.0,499.0,False,7589.7632248417685,-1137.6075683014878
43,Moderate overlap,2.5,0.0,T-learner,598,0.19933333333333333,True,0.26858275306972956,160.6124863356983,0.6656172823596099,12848.998906855864,5980.0,6868.998906855864,11.486620245578369,8892.365442841743,2023.3665359858787,0.7724602582977889,10993.36452931771,6851.35371943007,15135.375339205351,4124.365622461846,10307.192830815397,6868.998906855862,1.199040866595169e-13,7.708943527690298,600.0,598.0,False,6798.099159105419,70.89974775044539
43,Moderate overlap,2.5,0.0,DR-learner,600,0.2,True,0.26838074256671235,161.0284455400274,0.6657559354277197,12882.275643202192,6000.0,6882.275643202192,11.470459405336987,8892.365442841743,2010.0897996395506,0.7739533071869363,9067.167864178058,5319.020825855789,12815.314902500328,2184.8922209758657,9699.109668430476,6882.275643202192,9.992007221626409e-14,9.376832486990395,600.0,627.0,True,7353.144954978061,-470.8693117758685
43,Moderate overlap,2.5,0.0,Oracle,600,0.2,True,0.31025761339253627,186.15456803552178,0.6741313095928846,14892.365442841743,6000.0,8892.365442841743,14.820609071402906,8892.365442841743,0.0,1.0,,,,,,,,,,,,8892.365442841743,0.0
43,Severe overlap,5.0,0.0,Treat nobody,0,0.0,True,0.0,0.0,0.6120797869143771,0.0,0.0,0.0,0.0,8892.365442841743,8892.365442841743,0.0,0.0,0.0,0.0,0.0,0.0,0.0,0.0,,,,,0.0,0.0
43,Severe overlap,5.0,0.0,Random,600,0.2,True,0.1619707374271909,97.18244245631453,0.6444739343998154,7774.595396505163,6000.0,1774.595396505163,2.957658994175272,8892.365442841743,7117.77004633658,0.19956393019516455,-639.54192682348,-5382.798024481128,4103.714170834168,-2414.137323328643,3805.593417670101,1774.595396505162,-2.220446049250313e-15,,,,,1774.595396505163,0.0
43,Severe overlap,5.0,0.0,S-learner,266,0.08866666666666667,True,0.30106901136095165,80.08435702201315,0.6387745725883816,6406.748561761052,2660.0,3746.748561761052,14.085520908876134,8892.365442841743,5145.616881080691,0.4213444202045411,6707.840674391795,2858.730137259704,10556.951211523887,2961.092112630743,5753.64382684356,3746.748561761052,8.881784197001252e-15,0.03441010580018755,275.0,266.0,False,7589.7632248417685,-3843.0146630807167
43,Severe overlap,5.0,0.0,T-learner,596,0.19866666666666666,True,0.26312122154943474,156.82024804346307,0.6643532029288649,12545.619843477045,5960.0,6585.619843477045,11.049697723954774,8892.365442841743,2306.745599364698,0.7405925775102278,13365.718168533826,8403.589425331476,18327.846911736175,6780.098325056781,12671.17715865533,6585.619843477046,-2.6645352591003757e-14,8.805988723955519,600.0,596.0,False,6798.099159105419,-212.47931562837402
43,Severe overlap,5.0,0.0,DR-learner,585,0.195,True,0.26338017774679473,154.0774039818749,0.6634389215750022,12326.192318549993,5850.0,6476.192318549993,11.070414219743578,8892.365442841743,2416.1731242917504,0.7282867938995081,13348.232481758996,8705.780043237983,17990.68492028001,6872.040163209003,12786.81131940411,6476.192318549991,1.354472090042691e-13,9.222560144595889,600.0,585.0,False,7353.144954978061,-876.9526364280682
43,Severe overlap,5.0,0.0,Oracle,600,0.2,True,0.31025761339253627,186.15456803552178,0.6741313095928846,14892.365442841743,6000.0,8892.365442841743,14.820609071402906,8892.365442841743,0.0,1.0,,,,,,,,,,,,8892.365442841743,0.0
43,Moderate hidden,1.0,0.8,Treat nobody,0,0.0,True,0.0,0.0,0.6030923715286146,0.0,0.0,0.0,0.0,7267.48129677579,7267.48129677579,0.0,0.0,0.0,0.0,0.0,0.0,0.0,0.0,,,,,0.0,0.0
43,Moderate hidden,1.0,0.8,Random,600,0.2,True,0.14959359871262112,89.75615922757268,0.6330110912711387,7180.492738205814,6000.0,1180.492738205814,1.96748789700969,7267.48129677579,6086.988558569976,0.16243491933436943,4883.870937078462,1280.064884239442,8487.676989917481,3703.3781988726478,5037.74695260164,5852.844374658267,4672.351636452453,,,,,1774.595396505163,-594.1026582993491
43,Moderate hidden,1.0,0.8,S-learner,600,0.2,True,0.24932702829140377,149.59621697484226,0.6529577771868953,11967.697357987381,6000.0,5967.697357987381,9.946162263312301,7267.48129677579,1299.7839387884087,0.8211507005370545,15609.56046543315,12043.486463892554,19175.634466973745,9641.863107445768,15605.94463500883,11493.189880610036,5525.492522622655,12.748384719749737,600.0,609.0,True,7589.7632248417685,-1622.0658668543874
43,Moderate hidden,1.0,0.8,T-learner,600,0.2,True,0.2381558274159461,142.89349644956764,0.6507235370118037,11431.479715965412,6000.0,5431.479715965412,9.052466193275686,7267.48129677579,1836.001580810378,0.7473675533743832,15218.918150989237,11834.371602975914,18603.46469900256,9787.438435023825,15064.045505514008,10704.484425561746,5273.004709596334,5.280694184986526,600.0,625.0,True,6798.099159105419,-1366.6194431400072
43,Moderate hidden,1.0,0.8,DR-learner,600,0.2,True,0.245461663556177,147.27699813370617,0.65218470423985,11782.159850696495,6000.0,5782.159850696495,9.636933084494158,7267.48129677579,1485.3214460792951,0.7956208780697851,13460.605956252246,9832.050787547385,17089.161124957107,7678.446105555751,13169.320351473056,11396.378611536664,5614.218760840168,18.08278073444356,600.0,626.0,True,7353.144954978061,-1570.9851042815662
43,Moderate hidden,1.0,0.8,Oracle,600,0.2,True,0.27640586034949566,165.84351620969738,0.6583735435985136,13267.48129677579,6000.0,7267.48129677579,12.112468827959649,7267.48129677579,0.0,1.0,,,,,,,,,,,,8892.365442841743,-1624.8841460659532
43,Severe hidden,1.0,1.6,Treat nobody,0,0.0,True,0.0,0.0,0.5806253406200539,0.0,0.0,0.0,0.0,3708.574976680933,3708.574976680933,0.0,0.0,0.0,0.0,0.0,0.0,0.0,0.0,,,,,0.0,0.0
43,Severe hidden,1.0,1.6,Random,600,0.2,True,0.11835556137328607,71.01333682397164,0.6042964528947111,5681.066945917732,6000.0,-318.9330540822684,-0.531555090137114,3708.574976680933,4027.5080307632015,-0.08599881520197934,15973.135053645254,12740.23863644624,19206.03147084427,16292.068107727522,15971.542507244707,14943.693376494084,15262.626430576353,,,,,1774.595396505163,-2093.5284505874315
43,Severe hidden,1.0,1.6,S-learner,600,0.2,True,0.17302278905245652,103.81367343147392,0.6152298984305453,8305.093874517914,6000.0,2305.0938745179137,3.841823124196523,3708.574976680933,1403.4811021630194,0.6215578460762052,20583.590068116326,17199.376765190464,23967.803371042188,18278.49619359841,20642.80938621457,19895.80464280436,17590.710768286444,30.184774470324093,600.0,629.0,True,7589.7632248417685,-5284.669350323855
43,Severe hidden,1.0,1.6,T-learner,570,0.19,True,0.16810417185743248,95.81937795873651,0.6125651332729661,7665.55023669892,5700.0,1965.5502366989203,3.4483337485945973,3708.574976680933,1743.0247399820128,0.5300014827954296,17642.978614090465,14453.078089543027,20832.8791386379,15677.428377391545,17513.669402477964,17299.906347572487,15334.356110873567,7.192334481228539,600.0,570.0,False,6798.099159105419,-4832.548922406499
43,Severe hidden,1.0,1.6,DR-learner,583,0.19433333333333333,True,0.17317379536519742,100.9603226979101,0.6142787815193573,8076.825815832808,5830.0,2246.825815832808,3.8539036292157944,3708.574976680933,1461.749160848125,0.6058461349603486,21024.170837565503,17626.65466616058,24421.68700897043,18777.345021732697,21213.96108702955,19906.707244912763,17659.881429079956,34.51282124431217,600.0,583.0,False,7353.144954978061,-5106.319139145253
43,Severe hidden,1.0,1.6,Oracle,600,0.2,True,0.20226197868085277,121.35718720851166,0.6210777363562245,9708.574976680933,6000.0,3708.574976680933,6.180958294468222,3708.574976680933,0.0,1.0,,,,,,,,,,,,8892.365442841743,-5183.79046616081
43,Combined severe,5.0,1.6,Treat nobody,0,0.0,True,0.0,0.0,0.5806253406200539,0.0,0.0,0.0,0.0,3708.574976680933,3708.574976680933,0.0,0.0,0.0,0.0,0.0,0.0,0.0,0.0,,,,,0.0,0.0
43,Combined severe,5.0,1.6,Random,600,0.2,True,0.11835556137328607,71.01333682397164,0.6042964528947111,5681.066945917732,6000.0,-318.9330540822684,-0.531555090137114,3708.574976680933,4027.5080307632015,-0.08599881520197934,10329.309447163647,5968.616780655655,14690.002113671637,10648.242501245915,11860.054717092484,12513.2917799235,12832.224834005767,,,,,1774.595396505163,-2093.5284505874315
43,Combined severe,5.0,1.6,S-learner,600,0.2,True,0.16155437635991832,96.93262581595098,0.6129362158920376,7754.610065276079,6000.0,1754.6100652760788,2.9243501087934645,3708.574976680933,1953.9649114048543,0.4731224463058864,17539.471521930678,12965.447212404468,22113.49583145689,15784.861456654598,17560.653551405365,17928.08982517306,16173.479759896982,20.120753274789728,600.0,624.0,True,7589.7632248417685,-5835.15315956569
43,Combined severe,5.0,1.6,T-learner,563,0.18766666666666668,True,0.16229456641968165,91.37184089428075,0.6110826209181476,7309.74727154246,5630.0,1679.74727154246,2.9835653135745295,3708.574976680933,2028.827705138473,0.4529360420389249,16259.67264446912,12109.295740663865,20410.049548274375,14579.92537292666,16756.353492155853,16143.243589617832,14463.496318075373,17.403457206490778,600.0,563.0,False,6798.099159105419,-5118.351887562959
43,Combined severe,5.0,1.6,DR-learner,600,0.2,True,0.1787889243134101,107.27335458804606,0.616383125482736,8581.868367043684,6000.0,2581.868367043684,4.303113945072806,3708.574976680933,1126.7066096372491,0.696188801164371,19402.141490029793,15719.51389707145,23084.769082988136,16820.27312298611,19982.497134432073,18870.47719872144,16288.608831677757,30.77538622979992,600.0,610.0,True,7353.144954978061,-4771.276587934377
43,Combined severe,5.0,1.6,Oracle,600,0.2,True,0.20226197868085277,121.35718720851166,0.6210777363562245,9708.574976680933,6000.0,3708.574976680933,6.180958294468222,3708.574976680933,0.0,1.0,,,,,,,,,,,,8892.365442841743,-5183.79046616081
44,Baseline,1.0,0.0,Treat nobody,0,0.0,True,0.0,0.0,0.6129860186447913,0.0,0.0,0.0,0.0,8874.656990419653,8874.656990419653,0.0,0.0,0.0,0.0,0.0,0.0,0.0,0.0,,,,,0.0,0.0
44,Baseline,1.0,0.0,Random,600,0.2,True,0.15283406325219936,91.70043795131961,0.6435528312952312,7336.035036105569,6000.0,1336.035036105569,2.2267250601759483,8874.656990419653,7538.621954314084,0.15054497740564418,-2031.2033516904837,-5635.197274397199,1572.7905710162324,-3367.238387796053,-2013.3708554460998,1336.0350361055698,1.9345636204093353e-13,,,,,1336.035036105569,0.0
44,Baseline,1.0,0.0,S-learner,600,0.2,True,0.2819790969063006,169.18745814378033,0.6693818380260514,13534.996651502426,6000.0,7534.996651502426,12.558327752504043,8874.656990419653,1339.660338917227,0.8490465219823804,4882.357587811056,860.1629507538576,8904.552224868254,-2652.63906369137,5126.6314717850155,7534.996651502428,6.106226635438361e-14,1.7639559239063871,600.0,611.0,True,7534.996651502426,0.0
44,Baseline,1.0,0.0,T-learner,600,0.2,True,0.271076076500928,162.64564590055681,0.6672012339449771,13011.651672044545,6000.0,7011.651672044545,11.686086120074242,8874.656990419653,1863.005318375108,0.7900757944350689,5672.5661982921265,1869.0547572749556,9476.077639309297,-1339.0854737524187,5653.06562551181,7011.651672044546,1.7763568394002505e-14,3.1005659789241022,600.0,623.0,True,7011.651672044545,0.0
44,Baseline,1.0,0.0,DR-learner,600,0.2,True,0.2816366790768769,168.98200744612615,0.6693133544601667,13518.56059569009,6000.0,7518.560595690091,12.53093432615015,8874.656990419653,1356.0963947295622,0.8471945004529762,5096.37144085641,1191.6874788012276,9001.055402911594,-2422.1891548336807,4903.348109958133,7518.560595690091,1.1102230246251565e-13,9.275462000874512,600.0,664.0,True,7518.560595690091,0.0
44,Baseline,1.0,0.0,Oracle,600,0.2,True,0.3098886873004094,185.93321238024566,0.6749637561048731,14874.656990419653,6000.0,8874.656990419653,14.791094984032755,8874.656990419653,0.0,1.0,,,,,,,,,,,,8874.656990419653,0.0
44,Moderate overlap,2.5,0.0,Treat nobody,0,0.0,True,0.0,0.0,0.6129860186447913,0.0,0.0,0.0,0.0,8874.656990419653,8874.656990419653,0.0,0.0,0.0,0.0,0.0,0.0,0.0,0.0,,,,,0.0,0.0
44,Moderate overlap,2.5,0.0,Random,600,0.2,True,0.15283406325219936,91.70043795131961,0.6435528312952312,7336.035036105569,6000.0,1336.035036105569,2.2267250601759483,8874.656990419653,7538.621954314084,0.15054497740564418,-2021.8920144703573,-6225.404609041551,2181.620580100837,-3357.927050575926,-2662.417552086602,1336.0350361055694,-1.9984014443252818e-14,,,,,1336.035036105569,0.0
44,Moderate overlap,2.5,0.0,S-learner,479,0.15966666666666668,True,0.2793554819565848,133.8112758572041,0.6575897772638594,10704.902068576328,4790.0,5914.902068576328,12.34843855652678,8874.656990419653,2959.754921843325,0.666493598001767,4765.182816381862,1185.0638801081252,8345.301752655598,-1149.7192521944662,5181.75743271877,5914.902068576328,1.4210854715202004e-13,0.00038761596986702784,456.0,479.0,False,7534.996651502426,-1620.0945829260982
44,Moderate overlap,2.5,0.0,T-learner,600,0.2,True,0.26389849783658725,158.33909870195237,0.6657657182121088,12667.12789615619,6000.0,6667.127896156189,11.111879826926982,8874.656990419653,2207.529094263464,0.7512547136586203,7086.1173618829125,3395.520206704073,10776.714517061751,418.9894657267232,7530.475622215569,6667.127896156188,-4.440892098500626e-15,7.101919501786448,600.0,662.0,True,7011.651672044545,-344.5237758883559
44,Moderate overlap,2.5,0.0,DR-learner,600,0.2,True,0.27266069239407653,163.5964154364459,0.6675181571236066,13087.713234915673,6000.0,7087.713234915673,11.81285539152612,8874.656990419653,1786.9437555039804,0.7986464426249918,6377.0003016337,2216.7771129782814,10537.223490289118,-710.7129332819732,6528.499308673281,7087.713234915673,-3.108624468950438e-14,9.89364592328901,600.0,665.0,True,7518.560595690091,-430.8473607744181
44,Moderate overlap,2.5,0.0,Oracle,600,0.2,True,0.3098886873004094,185.93321238024566,0.6749637561048731,14874.656990419653,6000.0,8874.656990419653,14.791094984032755,8874.656990419653,0.0,1.0,,,,,,,,,,,,8874.656990419653,0.0
44,Severe overlap,5.0,0.0,Treat nobody,0,0.0,True,0.0,0.0,0.6129860186447913,0.0,0.0,0.0,0.0,8874.656990419653,8874.656990419653,0.0,0.0,0.0,0.0,0.0,0.0,0.0,0.0,,,,,0.0,0.0
44,Severe overlap,5.0,0.0,Random,600,0.2,True,0.15283406325219936,91.70043795131961,0.6435528312952312,7336.035036105569,6000.0,1336.035036105569,2.2267250601759483,8874.656990419653,7538.621954314084,0.15054497740564418,-5690.565502550282,-10087.21416236137,-1293.9168427391953,-7026.600538655851,-2250.815944811218,1336.0350361055694,5.10702591327572e-14,,,,,1336.035036105569,0.0
44,Severe overlap,5.0,0.0,S-learner,214,0.07133333333333333,True,0.30423000356050656,65.1052207619484,0.6346877588987743,5208.417660955873,2140.0,3068.4176609558726,14.338400284840526,8874.656990419653,5806.23932946378,0.3457505641365388,3702.821117065241,290.599425788006,7115.042808342476,634.4034561093686,3431.9663006683777,3068.4176609558726,2.6645352591003757e-14,0.008336465880510957,194.0,214.0,False,7534.996651502426,-4466.5789905465535
44,Severe overlap,5.0,0.0,T-learner,600,0.2,True,0.2687420699164624,161.24524194987742,0.6667344326280839,12899.619355990195,6000.0,6899.619355990195,11.499365593316991,8874.656990419653,1975.0376344294582,0.7774519469809881,6200.220540545746,1477.557843253243,10922.88323783825,-699.3988154444487,7050.856385473261,6899.619355990193,5.773159728050814e-14,7.23241520481999,600.0,670.0,True,7011.651672044545,-112.0323160543503
44,Severe overlap,5.0,0.0,DR-learner,600,0.2,True,0.2632094704552012,157.92568227312074,0.6656279127358317,12634.05458184966,6000.0,6634.054581849659,11.0567576364161,8874.656990419653,2240.6024085699937,0.7475279989988612,4673.790542079443,17.18211128930203,9330.398972869585,-1960.2640397702162,4833.249391145388,6634.0545818496585,5.995204332975845e-14,8.202389218809515,600.0,675.0,True,7518.560595690091,-884.5060138404315
44,Severe overlap,5.0,0.0,Oracle,600,0.2,True,0.3098886873004094,185.93321238024566,0.6749637561048731,14874.656990419653,6000.0,8874.656990419653,14.791094984032755,8874.656990419653,0.0,1.0,,,,,,,,,,,,8874.656990419653,0.0
44,Moderate hidden,1.0,0.8,Treat nobody,0,0.0,True,0.0,0.0,0.6043017820506899,0.0,0.0,0.0,0.0,7250.9279916858795,7250.9279916858795,0.0,0.0,0.0,0.0,0.0,0.0,0.0,0.0,,,,,0.0,0.0
44,Moderate hidden,1.0,0.8,Random,600,0.2,True,0.1423250423355442,85.39502540132652,0.6327667905177986,6831.602032106121,6000.0,831.6020321061214,1.3860033868435357,7250.9279916858795,6419.325959579758,0.11468904849967618,4442.723474584948,1124.051469510158,7761.395479659738,3611.121442478827,4234.751875975675,5274.625570814945,4443.023538708823,,,,,1336.035036105569,-504.43300399944746
44,Moderate hidden,1.0,0.8,S-learner,600,0.2,True,0.24600816230485995,147.60489738291596,0.6535034145116618,11808.391790633277,6000.0,5808.391790633277,9.680652984388795,7250.9279916858795,1442.5362010526023,0.8010549542476969,13234.767483630345,9659.723006461882,16809.81196079881,7426.375692997068,13322.541262591538,11268.672098261939,5460.28030762866,11.381643952850773,600.0,667.0,True,7534.996651502426,-1726.604860869149
44,Moderate hidden,1.0,0.8,T-learner,600,0.2,True,0.22821080475900574,136.92648285540344,0.649943943002491,10954.118628432276,6000.0,4954.118628432276,8.25686438072046,7250.9279916858795,2296.809363253604,0.6832392535290392,13119.515206920785,9726.025311779595,16513.005102061976,8165.3965784885095,13159.915113738878,10012.817571917256,5058.69894348498,3.7084231095090274,600.0,685.0,True,7011.651672044545,-2057.5330436122695
44,Moderate hidden,1.0,0.8,DR-learner,597,0.199,True,0.23821508728761778,142.21440711070784,0.6517065844209259,11377.152568856627,5970.0,5407.152568856627,9.057206983009426,7250.9279916858795,1843.7754228292524,0.7457186962905469,10340.310408466943,6625.98548047569,14054.635336458196,4933.157839610316,10471.966369671263,10997.707130334902,5590.554561478276,18.074365699267364,600.0,597.0,False,7518.560595690091,-2111.4080268334637
44,Moderate hidden,1.0,0.8,Oracle,600,0.2,True,0.27606099982678917,165.6365998960735,0.6595139820160477,13250.92799168588,6000.0,7250.9279916858795,12.084879986143132,7250.9279916858795,0.0,1.0,,,,,,,,,,,,8874.656990419653,-1623.7289987337736
44,Severe hidden,1.0,1.6,Treat nobody,0,0.0,True,0.0,0.0,0.5823902742299697,0.0,0.0,0.0,0.0,3735.485866639936,3735.485866639936,0.0,0.0,0.0,0.0,0.0,0.0,0.0,0.0,,,,,0.0,0.0
44,Severe hidden,1.0,1.6,Random,600,0.2,True,0.11517286315605067,69.1037178936304,0.6054248468611799,5528.297431490432,6000.0,-471.70256850956775,-0.7861709475159463,3735.485866639936,4207.188435149504,-0.1262760950917112,13067.699976082284,9836.423631879681,16298.976320284888,13539.402544591852,13389.262702436117,14149.317661919693,14621.020230429262,,,,,1336.035036105569,-1807.7376046151367
44,Severe hidden,1.0,1.6,S-learner,600,0.2,True,0.1739472110418683,104.36832662512099,0.6171797164383434,8349.46613000968,6000.0,2349.4661300096795,3.9157768833494657,3735.485866639936,1386.0197366302564,0.628958645243924,23552.571364801122,20139.14725569531,26965.995473906933,21203.105234791445,23022.930083682164,20281.45863871682,17931.99250870714,29.81418318302427,600.0,623.0,True,7534.996651502426,-5185.530521492747
44,Severe hidden,1.0,1.6,T-learner,600,0.2,True,0.16376151733366703,98.25691040020024,0.6151425776967032,7860.552832016019,6000.0,1860.5528320160192,3.1009213866933654,3735.485866639936,1874.9330346239167,0.49807518979842474,19563.66367202187,16219.488825164037,22907.8385188797,17703.11084000585,19139.552818261043,18711.821009273386,16851.268177257367,5.8809976245870885,600.0,655.0,True,7011.651672044545,-5151.098840028526
44,Severe hidden,1.0,1.6,DR-learner,586,0.19533333333333333,True,0.1698355568515436,99.52363631500455,0.6155648196683046,7961.890905200364,5860.0,2101.8909052003637,3.5868445481234876,3735.485866639936,1633.5949614395722,0.5626820660657489,20252.66177243655,16762.974582426938,23742.348962446165,18150.770867236184,20062.082131515745,20123.86566020981,18021.974755009447,33.85173362676834,600.0,586.0,False,7518.560595690091,-5416.669690489727
44,Severe hidden,1.0,1.6,Oracle,600,0.2,True,0.2028226222216653,121.6935733329992,0.6229547986743028,9735.485866639936,6000.0,3735.485866639936,6.225809777733226,3735.485866639936,0.0,1.0,,,,,,,,,,,,8874.656990419653,-5139.171123779717
44,Combined severe,5.0,1.6,Treat nobody,0,0.0,True,0.0,0.0,0.5823902742299697,0.0,0.0,0.0,0.0,3735.485866639936,3735.485866639936,0.0,0.0,0.0,0.0,0.0,0.0,0.0,0.0,,,,,0.0,0.0
44,Combined severe,5.0,1.6,Random,600,0.2,True,0.11517286315605067,69.1037178936304,0.6054248468611799,5528.297431490432,6000.0,-471.70256850956775,-0.7861709475159463,3735.485866639936,4207.188435149504,-0.1262760950917112,11268.342622024538,7919.6533559139125,14617.031888135163,11740.045190534107,10264.741926937126,11694.839726412425,12166.542294921994,,,,,1336.035036105569,-1807.7376046151367
44,Combined severe,5.0,1.6,S-learner,600,0.2,True,0.17188151200621452,103.12890720372872,0.6167665766312127,8250.312576298296,6000.0,2250.3125762982963,3.7505209604971608,3735.485866639936,1485.1732903416396,0.6024149619718543,21018.543488663454,17292.055569500342,24745.031407826562,18768.230912365158,19851.23650562158,18594.6479307904,16344.335354492105,17.86097978189559,600.0,658.0,True,7534.996651502426,-5284.68407520413
44,Combined severe,5.0,1.6,T-learner,600,0.2,True,0.16698683443679646,100.19210066207788,0.615787641117329,8015.368052966231,6000.0,2015.3680529662306,3.3589467549437177,3735.485866639936,1720.1178136737053,0.5395196568576637,20290.681671881743,17014.146859752334,23567.21648401115,18275.313618915512,19816.072259841374,17526.607570825923,15511.239517859694,14.936010303891063,600.0,654.0,True,7011.651672044545,-4996.283619078315
44,Combined severe,5.0,1.6,DR-learner,600,0.2,True,0.17121043465976324,102.72626079585794,0.6166323611619224,8218.100863668635,6000.0,2218.1008636686347,3.6968347727810578,3735.485866639936,1517.3850029713012,0.593791796531093,18093.608738023147,14225.305124073284,21961.912351973013,15875.507874354513,18706.95673868116,18279.791515754263,16061.69065208563,28.8320469917455,600.0,631.0,True,7518.560595690091,-5300.459732021456
44,Combined severe,5.0,1.6,Oracle,600,0.2,True,0.2028226222216653,121.6935733329992,0.6229547986743028,9735.485866639936,6000.0,3735.485866639936,6.225809777733226,3735.485866639936,0.0,1.0,,,,,,,,,,,,8874.656990419653,-5139.171123779717
45,Baseline,1.0,0.0,Treat nobody,0,0.0,True,0.0,0.0,0.6162285760256622,0.0,0.0,0.0,0.0,8586.398642744825,8586.398642744825,0.0,0.0,0.0,0.0,0.0,0.0,0.0,0.0,,,,,0.0,0.0
45,Baseline,1.0,0.0,Random,600,0.2,True,0.15010618133724607,90.06370880234763,0.6462498122931114,7205.09670418781,6000.0,1205.0967041878102,2.008494506979684,8586.398642744825,7381.301938557015,0.14034949392968965,358.3189361819375,-3071.4973871559782,3788.1352595198537,-846.7777680058728,987.8754191222307,1205.096704187811,4.218847493575595e-14,,,,,1205.0967041878102,0.0
45,Baseline,1.0,0.0,S-learner,573,0.191,True,0.2772989766881243,158.89231364229522,0.6691926805730939,12711.385091383618,5730.0,6981.385091383618,12.183918135049943,8586.398642744825,1605.0135513612076,0.8130748852759845,6224.532526571313,2660.3888669515136,9788.67618619111,-756.852564812305,6042.185663091286,6981.385091383618,1.7319479184152442e-13,5.012615111347953,600.0,573.0,False,6981.385091383618,0.0
45,Baseline,1.0,0.0,T-learner,582,0.194,True,0.26294406176785584,153.0334439488921,0.6672397240086262,12242.675515911369,5820.0,6422.675515911369,11.03552494142847,8586.398642744825,2163.7231268334563,0.7480057452653076,6723.304862355487,3418.9197682687477,10027.689956442227,300.6293464441178,6557.291612966916,6422.675515911369,1.7763568394002505e-13,4.709529418626076,600.0,582.0,False,6422.675515911369,0.0
45,Baseline,1.0,0.0,DR-learner,537,0.179,True,0.2784450301795478,149.52498120641718,0.6660702364278013,11961.998496513374,5370.0,6591.9984965133735,12.275602414363824,8586.398642744825,1994.4001462314518,0.7677256520209852,6288.465601417013,2820.868105676949,9756.063097157077,-303.53289509636033,5977.701104045838,6591.998496513375,3.774758283725532e-14,12.194595283091786,600.0,537.0,False,6591.9984965133735,0.0
45,Baseline,1.0,0.0,Oracle,600,0.2,True,0.30388330505718386,182.32998303431032,0.677005237037099,14586.398642744825,6000.0,8586.398642744825,14.310664404574709,8586.398642744825,0.0,1.0,,,,,,,,,,,,8586.398642744825,0.0
45,Moderate overlap,2.5,0.0,Treat nobody,0,0.0,True,0.0,0.0,0.6162285760256622,0.0,0.0,0.0,0.0,8586.398642744825,8586.398642744825,0.0,0.0,0.0,0.0,0.0,0.0,0.0,0.0,,,,,0.0,0.0
45,Moderate overlap,2.5,0.0,Random,600,0.2,True,0.15010618133724607,90.06370880234763,0.6462498122931114,7205.09670418781,6000.0,1205.0967041878102,2.008494506979684,8586.398642744825,7381.301938557015,0.14034949392968965,-846.8870294553723,-4817.295894669817,3123.5218357590725,-2051.9837336431824,676.1271409203939,1205.096704187811,3.3306690738754696e-14,,,,,1205.0967041878102,0.0
45,Moderate overlap,2.5,0.0,S-learner,598,0.19933333333333333,True,0.2747178327339804,164.28126397492034,0.6709889973506356,13142.501117993626,5980.0,7162.501117993626,11.97742661871844,8586.398642744825,1423.897524751199,0.8341682486458584,4434.623253281467,394.410251940124,8474.83625462281,-2727.877864712159,4512.978052311798,7162.501117993626,3.9968028886505635e-14,0.5496614595111193,600.0,598.0,False,6981.385091383618,181.1160266100087
45,Moderate overlap,2.5,0.0,T-learner,600,0.2,True,0.2689292758646379,161.35756551878274,0.6700144311985897,12908.605241502619,6000.0,6908.605241502619,11.51434206917103,8586.398642744825,1677.7934012422065,0.8045987065066124,7008.468200089075,3316.8396947832834,10700.096705394868,99.86295858645644,7049.559499592893,6908.605241502617,-1.199040866595169e-13,8.891770697021212,600.0,608.0,True,6422.675515911369,485.92972559124973
45,Moderate overlap,2.5,0.0,DR-learner,581,0.19366666666666665,True,0.27217097822835823,158.13133835067612,0.6689390221425542,12650.507068054088,5810.0,6840.507068054088,11.773678258268655,8586.398642744825,1745.891574690737,0.7966677710490477,5900.699055062374,1748.5869021523802,10052.811207972367,-939.8080129917143,6380.965302219823,6840.507068054091,-4.440892098500626e-14,11.324802123320502,600.0,581.0,False,6591.9984965133735,248.5085715407149
45,Moderate overlap,2.5,0.0,Oracle,600,0.2,True,0.30388330505718386,182.32998303431032,0.677005237037099,14586.398642744825,6000.0,8586.398642744825,14.310664404574709,8586.398642744825,0.0,1.0,,,,,,,,,,,,8586.398642744825,0.0
45,Severe overlap,5.0,0.0,Treat nobody,0,0.0,True,0.0,0.0,0.6162285760256622,0.0,0.0,0.0,0.0,8586.398642744825,8586.398642744825,0.0,0.0,0.0,0.0,0.0,0.0,0.0,0.0,,,,,0.0,0.0
45,Severe overlap,5.0,0.0,Random,600,0.2,True,0.15010618133724607,90.06370880234763,0.6462498122931114,7205.09670418781,6000.0,1205.0967041878102,2.008494506979684,8586.398642744825,7381.301938557015,0.14034949392968965,-2954.848733834865,-6210.890321528205,301.1928538584759,-4159.945438022675,1777.4187677696352,1205.0967041878107,-7.771561172376096e-14,,,,,1205.0967041878102,0.0
45,Severe overlap,5.0,0.0,S-learner,510,0.17,True,0.2811826412172293,143.40314702078692,0.6640296250325912,11472.251761662954,5100.0,6372.251761662954,12.494611297378341,8586.398642744825,2214.1468810818715,0.7421332303325167,4674.246049595582,309.29098994130146,9039.201109249863,-1698.0057120673719,4924.571826249101,6372.251761662955,-6.661338147750939e-14,0.0006234198281784842,519.0,510.0,False,6981.385091383618,-609.1333297206638
45,Severe overlap,5.0,0.0,T-learner,600,0.2,True,0.26851875748534004,161.11125449120402,0.6699323275227301,12888.900359296322,6000.0,6888.900359296322,11.481500598827203,8586.398642744825,1697.4982834485036,0.8023038116355308,6059.174845535086,1482.526073152669,10635.823617917504,-829.7255137612356,7221.298778651826,6888.90035929632,-5.3290705182007514e-14,10.157568377893416,600.0,602.0,True,6422.675515911369,466.2248433849527
45,Severe overlap,5.0,0.0,DR-learner,586,0.19533333333333333,True,0.274776721882441,161.01915902311046,0.6699016290333657,12881.532721848836,5860.0,7021.532721848836,11.982137750595284,8586.398642744825,1564.865920895989,0.8177506093060052,5437.387653501528,789.6084782813499,10085.166828721705,-1584.1450683473086,7411.910095928104,7021.532721848836,4.440892098500626e-15,12.24541526201289,600.0,586.0,False,6591.9984965133735,429.5342253354629
45,Severe overlap,5.0,0.0,Oracle,600,0.2,True,0.30388330505718386,182.32998303431032,0.677005237037099,14586.398642744825,6000.0,8586.398642744825,14.310664404574709,8586.398642744825,0.0,1.0,,,,,,,,,,,,8586.398642744825,0.0
45,Moderate hidden,1.0,0.8,Treat nobody,0,0.0,True,0.0,0.0,0.6071943353925197,0.0,0.0,0.0,0.0,6987.833276415748,6987.833276415748,0.0,0.0,0.0,0.0,0.0,0.0,0.0,0.0,,,,,0.0,0.0
45,Moderate hidden,1.0,0.8,Random,600,0.2,True,0.13899431857826744,83.39659114696045,0.6349931991081731,6671.727291756835,6000.0,671.7272917568353,1.119545486261392,6987.833276415748,6316.105984658912,0.09612812229277781,4159.634332238282,752.6306278453224,7566.638036631241,3487.9070404814465,4508.856012984793,5246.163638884245,4574.436347127408,,,,,1205.0967041878102,-533.369412430975
45,Moderate hidden,1.0,0.8,S-learner,573,0.191,True,0.24236502651456865,138.87516019284783,0.6534860554568022,11110.012815427826,5730.0,5380.012815427826,9.389202121165491,6987.833276415748,1607.8204609879213,0.7699114450233969,9454.722964165068,5966.26717973087,12943.178748599265,4074.710148737242,9535.495225846396,10508.097891236623,5128.085075808798,13.467614306567022,600.0,573.0,False,6981.385091383618,-1601.3722759557913
45,Moderate hidden,1.0,0.8,T-learner,574,0.19133333333333333,True,0.23646237240533094,135.72940176065993,0.6524374693127396,10858.352140852794,5740.0,5118.352140852794,8.91698979242647,6987.833276415748,1869.4811355629536,0.7324662650620849,9527.532742913947,6174.14879093324,12880.916694894653,4409.180602061153,9497.990088353305,10052.407339310545,4934.05519845775,5.3411244744139985,600.0,574.0,False,6422.675515911369,-1304.323375058575
45,Moderate hidden,1.0,0.8,DR-learner,579,0.193,True,0.24395798410934086,141.25167279930835,0.6542782263256224,11300.133823944669,5790.0,5510.133823944669,9.51663872874727,6987.833276415748,1477.699452471079,0.7885325258891935,11969.652389892559,8469.996418788136,15469.30836099698,6459.51856594789,12179.204577164604,10855.532582541418,5345.398758596752,18.787735117464003,600.0,579.0,False,6591.9984965133735,-1081.864672568705
45,Moderate hidden,1.0,0.8,Oracle,600,0.2,True,0.27057985992532807,162.34791595519684,0.6613103073775852,12987.833276415748,6000.0,6987.833276415748,11.646388794026246,6987.833276415748,0.0,1.0,,,,,,,,,,,,8586.398642744825,-1598.5653663290777
45,Severe hidden,1.0,1.6,Treat nobody,0,0.0,True,0.0,0.0,0.5844445614104337,0.0,0.0,0.0,0.0,3555.646806926965,3555.646806926965,0.0,0.0,0.0,0.0,0.0,0.0,0.0,0.0,,,,,0.0,0.0
45,Severe hidden,1.0,1.6,Random,600,0.2,True,0.11068507939954467,66.4110476397268,0.6065815772903426,5312.883811178144,6000.0,-687.1161888218558,-1.1451936480364262,3555.646806926965,4242.762995748821,-0.19324646854216349,13736.432244935182,10597.882360120877,16874.982129749485,14423.548433757038,14057.325001963665,14269.437474753178,14956.553663575032,,,,,1205.0967041878102,-1892.212893009666
45,Severe hidden,1.0,1.6,S-learner,574,0.19133333333333333,True,0.1764795653088019,101.2992704872523,0.6182109849061845,8103.9416389801845,5740.0,2363.9416389801845,4.118365224704154,3555.646806926965,1191.7051679467804,0.6648415231723384,19551.03683366252,16241.679427823403,22860.39423950164,17187.095194682337,19503.652711291485,19091.314884718093,16727.37324573791,29.076941640932112,600.0,574.0,False,6981.385091383618,-4617.443452403433
45,Severe hidden,1.0,1.6,T-learner,564,0.188,True,0.17241531047576666,97.24223510833241,0.6168586397798778,7779.378808666593,5640.0,2139.3788086665927,3.7932248380613345,3555.646806926965,1416.2679982603722,0.6016848480278589,15244.767201320537,11953.044030535275,18536.4903721058,13105.388392653946,15123.04034002348,17103.46068827311,14964.081879606518,7.04785828977084,600.0,564.0,False,6422.675515911369,-4283.296707244776
45,Severe hidden,1.0,1.6,DR-learner,563,0.18766666666666668,True,0.1757217039966219,98.93131935009815,0.6174216678604664,7914.505548007852,5630.0,2284.5055480078518,4.057736319729754,3555.646806926965,1271.1412589191132,0.6425006959513729,21386.22199023378,18087.04135236631,24685.402628101256,19101.716442225927,21350.114824764696,19176.952711287035,16892.447163279183,33.71141365682998,600.0,563.0,False,6591.9984965133735,-4307.492948505522
45,Severe hidden,1.0,1.6,Oracle,600,0.2,True,0.1990759751443118,119.44558508658707,0.624259756439296,9555.646806926965,6000.0,3555.646806926965,5.926078011544941,3555.646806926965,0.0,1.0,,,,,,,,,,,,8586.398642744825,-5030.75183581786
45,Combined severe,5.0,1.6,Treat nobody,0,0.0,True,0.0,0.0,0.5844445614104337,0.0,0.0,0.0,0.0,3555.646806926965,3555.646806926965,0.0,0.0,0.0,0.0,0.0,0.0,0.0,0.0,,,,,0.0,0.0
45,Combined severe,5.0,1.6,Random,600,0.2,True,0.11068507939954467,66.4110476397268,0.6065815772903426,5312.883811178144,6000.0,-687.1161888218558,-1.1451936480364262,3555.646806926965,4242.762995748821,-0.19324646854216349,10339.535141350087,7403.847314664244,13275.22296803593,11026.651330171942,11652.380066384525,11924.752236785926,12611.868425607781,,,,,1205.0967041878102,-1892.212893009666
45,Combined severe,5.0,1.6,S-learner,579,0.193,True,0.163350393963458,94.57987810484218,0.615971187445381,7566.390248387374,5790.0,1776.3902483873744,3.0680315170766397,3555.646806926965,1779.2565585395905,0.49959693547927314,20094.427307267273,16712.44334494255,23476.411269591998,18318.037058879898,19816.10367980747,17339.000783495496,15562.610535108119,19.950677759649235,600.0,579.0,False,6981.385091383618,-5204.994842996243
45,Combined severe,5.0,1.6,T-learner,590,0.19666666666666666,True,0.16115920252812582,95.08392949159422,0.6161392045742985,7606.714359327538,5900.0,1706.7143593275377,2.892736202250064,3555.646806926965,1848.9324475994272,0.48000109459763746,20219.477103270627,16949.52567735924,23489.42852918201,18512.762743943087,20184.538225367218,16838.169577016248,15131.455217688708,16.484555667118876,600.0,590.0,False,6422.675515911369,-4715.961156583831
45,Combined severe,5.0,1.6,DR-learner,580,0.19333333333333333,True,0.16572110250020328,96.1182394501179,0.616483974560473,7689.459156009432,5800.0,1889.4591560094323,3.2576882000162626,3555.646806926965,1666.1876509175327,0.5313967496232938,18357.920732616196,14901.075178425737,21814.766286806658,16468.461576606765,19165.18184805915,17661.212053798903,15771.752897789473,30.558674883029518,600.0,580.0,False,6591.9984965133735,-4702.539340503941
45,Combined severe,5.0,1.6,Oracle,600,0.2,True,0.1990759751443118,119.44558508658707,0.624259756439296,9555.646806926965,6000.0,3555.646806926965,5.926078011544941,3555.646806926965,0.0,1.0,,,,,,,,,,,,8586.398642744825,-5030.75183581786
46,Baseline,1.0,0.0,Treat nobody,0,0.0,True,0.0,0.0,0.6154620619502381,0.0,0.0,0.0,0.0,8533.48204230289,8533.48204230289,0.0,0.0,0.0,0.0,0.0,0.0,0.0,0.0,,,,,0.0,0.0
46,Baseline,1.0,0.0,Random,600,0.2,True,0.1513611216119067,90.81667296714403,0.6457342862726195,7265.333837371522,6000.0,1265.3338373715223,2.1088897289525375,8533.48204230289,7268.148204931368,0.14827872503849,2500.6947231631966,-1272.342388718656,6273.73183504505,1235.3608857916743,2344.2255473951136,1265.333837371522,-1.021405182655144e-13,,,,,1265.3338373715223,0.0
46,Baseline,1.0,0.0,S-learner,586,0.19533333333333333,True,0.27263736764680935,159.76549744103028,0.6687172277639148,12781.239795282421,5860.0,6921.239795282421,11.810989411744746,8533.48204230289,1612.2422470204692,0.8110686541521823,7900.761426718253,4403.687048655187,11397.835804781316,979.5216314358313,8162.700145699742,6921.239795282422,-4.440892098500626e-15,3.0499342073225844,600.0,586.0,False,6921.239795282421,0.0
46,Baseline,1.0,0.0,T-learner,575,0.19166666666666668,True,0.26656763995710603,153.27639297533597,0.6665541929420168,12262.111438026877,5750.0,6512.111438026877,11.325411196568481,8533.48204230289,2021.3706042760132,0.7631247602964997,9236.68597082161,5620.0948715107215,12853.277070132499,2724.5745327947334,9688.00051830999,6512.111438026877,-2.6645352591003757e-14,4.057514315060056,600.0,575.0,False,6512.111438026877,0.0
46,Baseline,1.0,0.0,DR-learner,572,0.19066666666666668,True,0.26998361646966323,154.43062862064735,0.6669389381571206,12354.450289651788,5720.0,6634.450289651788,11.598689317573056,8533.48204230289,1899.0317526511026,0.7774610946343985,5885.82268447607,2255.2499181577637,9516.395450794376,-748.6276051757177,6567.285508945383,6634.450289651788,-5.551115123125783e-14,10.587563306204455,600.0,572.0,False,6634.450289651788,0.0
46,Baseline,1.0,0.0,Oracle,600,0.2,True,0.3027808758813102,181.66852552878612,0.6760182371265002,14533.48204230289,6000.0,8533.48204230289,14.222470070504817,8533.48204230289,0.0,1.0,,,,,,,,,,,,8533.48204230289,0.0
46,Moderate overlap,2.5,0.0,Treat nobody,0,0.0,True,0.0,0.0,0.6154620619502381,0.0,0.0,0.0,0.0,8533.48204230289,8533.48204230289,0.0,0.0,0.0,0.0,0.0,0.0,0.0,0.0,,,,,0.0,0.0
46,Moderate overlap,2.5,0.0,Random,600,0.2,True,0.1513611216119067,90.81667296714403,0.6457342862726195,7265.333837371522,6000.0,1265.3338373715223,2.1088897289525375,8533.48204230289,7268.148204931368,0.14827872503849,1490.3086650458447,-3479.758267230277,6460.375597321967,224.97482767432234,-1022.2341526640777,1265.333837371522,1.3988810110276972e-13,,,,,1265.3338373715223,0.0
46,Moderate overlap,2.5,0.0,S-learner,576,0.192,True,0.2753804363931713,158.61913136246665,0.668335105737727,12689.530508997332,5760.0,6929.530508997332,12.030434911453701,8533.48204230289,1603.9515333055588,0.8120402052345905,7206.095841529117,3371.8866976050326,11040.304985453202,276.5653325317853,7493.117587337818,6929.530508997332,9.103828801926284e-14,0.0055779102378039624,568.0,576.0,False,6921.239795282421,8.290713714910453
46,Moderate overlap,2.5,0.0,T-learner,600,0.2,True,0.2736442913234989,164.18657479409933,0.670190920214938,13134.925983527946,6000.0,7134.925983527946,11.89154330587991,8533.48204230289,1398.5560587749442,0.8361095679533975,7398.858413555272,3447.6307558382655,11350.086071272279,263.9324300273256,7295.532862948972,7134.925983527946,4.440892098500626e-14,7.690127938461249,600.0,601.0,True,6512.111438026877,622.814545501069
46,Moderate overlap,2.5,0.0,DR-learner,593,0.19766666666666666,True,0.26934526601928904,159.72174274943842,0.6687026428667175,12777.739419955073,5930.0,6847.739419955073,11.547621281543124,8533.48204230289,1685.7426223478178,0.8024554790188678,6613.469199100564,2599.095500631567,10627.84289756956,-234.2702208545088,6699.955741457857,6847.739419955071,-8.881784197001252e-15,10.067682832788503,600.0,593.0,False,6634.450289651788,213.28913030328476
46,Moderate overlap,2.5,0.0,Oracle,600,0.2,True,0.3027808758813102,181.66852552878612,0.6760182371265002,14533.48204230289,6000.0,8533.48204230289,14.222470070504817,8533.48204230289,0.0,1.0,,,,,,,,,,,,8533.48204230289,0.0
46,Severe overlap,5.0,0.0,Treat nobody,0,0.0,True,0.0,0.0,0.6154620619502381,0.0,0.0,0.0,0.0,8533.48204230289,8533.48204230289,0.0,0.0,0.0,0.0,0.0,0.0,0.0,0.0,,,,,0.0,0.0
46,Severe overlap,5.0,0.0,Random,600,0.2,True,0.1513611216119067,90.81667296714403,0.6457342862726195,7265.333837371522,6000.0,1265.3338373715223,2.1088897289525375,8533.48204230289,7268.148204931368,0.14827872503849,-1200.5018702375503,-4937.670434905655,2536.666694430555,-2465.8357076090724,-1208.2493637653247,1265.3338373715214,-1.509903313490213e-13,,,,,1265.3338373715223,0.0
46,Severe overlap,5.0,0.0,S-learner,337,0.11233333333333333,True,0.2864226159010635,96.52442155865839,0.6476368691364577,7721.953724692671,3370.0,4351.953724692671,12.913809272085077,8533.48204230289,4181.528317610219,0.5099856896772973,5314.344286513981,1374.642642774903,9254.045930253062,962.3905618213103,5150.8953219723535,4351.953724692672,1.0658141036401503e-13,0.0023830341485631124,350.0,337.0,False,6921.239795282421,-2569.28607058975
46,Severe overlap,5.0,0.0,T-learner,600,0.2,True,0.2659336873323541,159.56021239941248,0.668648799416709,12764.816991952997,6000.0,6764.816991952997,11.27469498658833,8533.48204230289,1768.6650503498931,0.7927381763291798,8438.380018282895,2879.894481244367,13996.865555321421,1673.5630263298972,6385.954268578573,6764.816991952997,1.0658141036401503e-13,8.433445384833217,600.0,606.0,True,6512.111438026877,252.70555392612005
46,Severe overlap,5.0,0.0,DR-learner,600,0.2,True,0.2558048934896246,153.48293609377478,0.6666230406481631,12278.634887501983,6000.0,6278.634887501983,10.464391479169972,8533.48204230289,2254.8471548009074,0.7357647038309812,1897.4449179755961,-3878.5008972458363,7673.390733197028,-4381.189969526387,1710.3639238207693,6278.634887501981,1.2434497875801753e-13,8.487223265188593,600.0,622.0,True,6634.450289651788,-355.81540214980487
46,Severe overlap,5.0,0.0,Oracle,600,0.2,True,0.3027808758813102,181.66852552878612,0.6760182371265002,14533.48204230289,6000.0,8533.48204230289,14.222470070504817,8533.48204230289,0.0,1.0,,,,,,,,,,,,8533.48204230289,0.0
46,Moderate hidden,1.0,0.8,Treat nobody,0,0.0,True,0.0,0.0,0.6066061126152957,0.0,0.0,0.0,0.0,6951.16429204341,6951.16429204341,0.0,0.0,0.0,0.0,0.0,0.0,0.0,0.0,,,,,0.0,0.0
46,Moderate hidden,1.0,0.8,Random,600,0.2,True,0.1411601745714143,84.69610474284858,0.6348381475295786,6775.688379427886,6000.0,775.6883794278856,1.2928139657131426,6951.16429204341,6175.475912615524,0.11159114456779141,6252.499774083203,2702.010154995594,9802.989393170812,5476.811394655318,6101.038380560878,5152.836322435088,4377.147943007201,,,,,1265.3338373715223,-489.64545794363676
46,Moderate hidden,1.0,0.8,S-learner,591,0.197,True,0.23718854219557314,140.17842843758373,0.6533322554278236,11214.2742750067,5910.0,5304.274275006699,8.975083375645854,6951.16429204341,1646.8900170367106,0.7630770979011662,11576.332066566505,7987.384585025793,15165.279548107217,6272.057791559806,11416.934487455766,10725.017924419644,5420.743649412944,12.969118428292681,600.0,591.0,False,6921.239795282421,-1616.9655202757222
46,Moderate hidden,1.0,0.8,T-learner,600,0.2,True,0.23236874201371957,139.42124520823177,0.6530798610180396,11153.699616658541,6000.0,5153.699616658541,8.58949936109757,6951.16429204341,1797.4646753848683,0.7414153083042044,12632.885544379178,9102.326399950955,16163.4446888074,7479.185927720637,12807.758329820557,10401.444693157859,5247.745076499318,4.439340576493844,600.0,607.0,True,6512.111438026877,-1358.411821368336
46,Moderate hidden,1.0,0.8,DR-learner,600,0.2,True,0.2348916065382909,140.93496392297453,0.6535844339229538,11274.797113837962,6000.0,5274.797113837962,8.79132852306327,6951.16429204341,1676.367178205448,0.7588364901511122,13303.14964615706,9802.541875465919,16803.7574168482,8028.352532319099,13593.410963177534,10831.610342292672,5556.81322845471,17.57918135026791,600.0,600.0,False,6634.450289651788,-1359.6531758138262
46,Moderate hidden,1.0,0.8,Oracle,600,0.2,True,0.2698159227509043,161.8895536505426,0.6605692971654765,12951.16429204341,6000.0,6951.16429204341,11.585273820072349,6951.16429204341,0.0,1.0,,,,,,,,,,,,8533.48204230289,-1582.3177502594808
46,Severe hidden,1.0,1.6,Treat nobody,0,0.0,True,0.0,0.0,0.5842973890112009,0.0,0.0,0.0,0.0,3530.1827258232115,3530.1827258232115,0.0,0.0,0.0,0.0,0.0,0.0,0.0,0.0,,,,,0.0,0.0
46,Severe hidden,1.0,1.6,Random,600,0.2,True,0.11461413344429905,68.76848006657943,0.6072202157000608,5501.478405326354,6000.0,-498.5215946736462,-0.830869324456077,3530.1827258232115,4028.7043204968577,-0.14121693787320733,12875.00467640774,9603.188700885255,16146.820651930224,13373.526271081386,13130.395312418805,13909.924189658264,14408.44578433191,,,,,1265.3338373715223,-1763.8554320451685
46,Severe hidden,1.0,1.6,S-learner,600,0.2,True,0.17215236877110632,103.29142126266379,0.6187278627654222,8263.313701013103,6000.0,2263.313701013103,3.7721895016885054,3530.1827258232115,1266.8690248101084,0.6411321670283556,21389.161960498164,18044.16377636535,24734.160144630976,19125.84825948506,21225.113376510264,19953.337028946506,17690.0233279334,29.96284179592506,600.0,619.0,True,6921.239795282421,-4657.926094269318
46,Severe hidden,1.0,1.6,T-learner,567,0.189,True,0.1629715983023545,92.404896237435,0.615099021090346,7392.391698994799,5670.0,1722.3916989947993,3.0377278641883585,3530.1827258232115,1807.7910268284122,0.4879044040399214,16109.726242387307,12933.846164724086,19285.606320050527,14387.334543392508,15940.254422477004,16221.141076459615,14498.749377464817,6.856302827619942,600.0,567.0,False,6512.111438026877,-4789.719739032078
46,Severe hidden,1.0,1.6,DR-learner,600,0.2,True,0.16611185503820716,99.6671130229243,0.6175197600188423,7973.369041833944,6000.0,1973.3690418339438,3.288948403056573,3530.1827258232115,1556.8136839892677,0.5589991213199225,20851.75734003679,17405.814779625955,24297.699900447624,18878.388298202848,20932.81738062181,20164.980305729954,18191.61126389601,33.17074138672866,600.0,648.0,True,6634.450289651788,-4661.081247817844
46,Severe hidden,1.0,1.6,Oracle,600,0.2,True,0.1985454734546502,119.12728407279013,0.624006483702131,9530.182725823212,6000.0,3530.1827258232115,5.88363787637202,3530.1827258232115,0.0,1.0,,,,,,,,,,,,8533.48204230289,-5003.299316479679
46,Combined severe,5.0,1.6,Treat nobody,0,0.0,True,0.0,0.0,0.5842973890112009,0.0,0.0,0.0,0.0,3530.1827258232115,3530.1827258232115,0.0,0.0,0.0,0.0,0.0,0.0,0.0,0.0,,,,,0.0,0.0
46,Combined severe,5.0,1.6,Random,600,0.2,True,0.11461413344429905,68.76848006657943,0.6072202157000608,5501.478405326354,6000.0,-498.5215946736462,-0.830869324456077,3530.1827258232115,4028.7043204968577,-0.14121693787320733,8596.126790927246,3981.325801258027,13210.927780596463,9094.648385600893,7762.569272113831,11614.81887513126,12113.340469804905,,,,,1265.3338373715223,-1763.8554320451685
46,Combined severe,5.0,1.6,S-learner,576,0.192,True,0.1676854698475629,96.58683063219625,0.616492999221933,7726.9464505757005,5760.0,1966.9464505757005,3.4148375878050357,3530.1827258232115,1563.236275247511,0.5571797845441623,18041.87786145321,14819.597621719762,21264.15810118666,16074.931410877509,18314.768178647784,17309.374816882733,15342.428366307035,19.148478271361235,600.0,576.0,False,6921.239795282421,-4954.293344706721
46,Combined severe,5.0,1.6,T-learner,578,0.19266666666666668,True,0.16483387984446363,95.27398255009996,0.6160553831945677,7621.918604007997,5780.0,1841.9186040079967,3.186710387557088,3530.1827258232115,1688.2641218152148,0.5217629644308215,18190.565390304153,14949.155530311591,21431.975250296717,16348.646786296156,18230.44823304419,16642.72394774212,14800.805343734124,15.003055475983839,600.0,578.0,False,6512.111438026877,-4670.192834018881
46,Combined severe,5.0,1.6,DR-learner,569,0.18966666666666668,True,0.16900420835236848,96.16339455249766,0.6163518538620334,7693.071564199813,5690.0,2003.071564199813,3.5203366681894783,3530.1827258232115,1527.1111616233984,0.5674129980715693,17754.214058802623,14309.560643559194,21198.867474046052,15751.14249460281,18599.975482485446,17121.595578580855,15118.524014381039,28.922094449771528,600.0,569.0,False,6634.450289651788,-4631.378725451975
46,Combined severe,5.0,1.6,Oracle,600,0.2,True,0.1985454734546502,119.12728407279013,0.624006483702131,9530.182725823212,6000.0,3530.1827258232115,5.88363787637202,3530.1827258232115,0.0,1.0,,,,,,,,,,,,8533.48204230289,-5003.299316479679
