scenario,metric,replicates,mean,std,mcse,median,minimum,maximum,q025,q975
Baseline,true_ate,5,0.1547293644047137,0.001783559449211352,0.0007976320340697333,0.15372016993016593,0.15318809091171318,0.15679236057726065,0.15320918200062048,0.15676784439989883
Baseline,estimated_aipw_ate,5,0.15518690377971317,0.02103311657486485,0.00940629568801507,0.14834570332418123,0.13277372276861793,0.1841970617791529,0.13365103226595254,0.18268447692970258
Baseline,reference_aipw_ate,5,0.16005462429097622,0.020915597064004064,0.00935373936502162,0.15470994838319133,0.13699560259053503,0.18767463202389656,0.1378805645203619,0.18641194047835236
Baseline,analytic_identification_gap,5,5.551115123125783e-18,1.2412670766236366e-17,5.551115123125783e-18,0.0,0.0,2.7755575615628914e-17,0.0,2.498001805406602e-17
Baseline,true_weak_overlap_fraction,5,0.0,0.0,0.0,0.0,0.0,0.0,0.0,0.0
Baseline,estimated_weak_overlap_fraction,5,0.0003333333333333333,0.0003333333333333333,0.00014907119849998598,0.0003333333333333333,0.0,0.0006666666666666666,0.0,0.0006666666666666666
Baseline,clipped_weight_ess,5,2070.9467904700045,63.51733984875447,28.40581793035424,2089.868397395758,1964.4713958834498,2128.3813194836857,1974.7668576518108,2126.001870137324
Baseline,trimmed_true_ate,5,0.1547773094019971,0.001765275031482774,0.0007894549938757128,0.15381136346435437,0.15318809091171318,0.15679236057726065,0.15321910192359153,0.15677277762215064
Baseline,trimmed_estimated_aipw_ate,5,0.15526242481611696,0.020976441243298973,0.009380949709209342,0.14848910976793578,0.13284192846572926,0.1841970617791529,0.13372901669746806,0.18268447692970258
Combined severe,true_ate,5,0.11510651074674738,0.0013953360199456064,0.0006240132384104757,0.11546234781728074,0.11333215034684638,0.11660312371183086,0.11339914608427033,0.11655609375431708
Combined severe,estimated_aipw_ate,5,0.3725562640476161,0.006444904536304699,0.0028822489303348135,0.3716586883068486,0.3643030195573471,0.38167182225202745,0.36486429262335124,0.38102784401727163
Combined severe,reference_aipw_ate,5,0.3895485531704004,0.012672794394004214,0.005667445945974335,0.3866743467567973,0.37329017848982476,0.4065364723225033,0.37439510147396887,0.405573061085414
Combined severe,analytic_identification_gap,5,0.2613535318200548,0.0016990671847674072,0.0007598459446958235,0.26058201090420385,0.25951714312629526,0.2633897306332732,0.2596014961741361,0.2633425676531257
Combined severe,true_weak_overlap_fraction,5,0.3045333333333334,0.004913699669744211,0.0021974732965132646,0.305,0.298,0.30966666666666665,0.29833333333333334,0.30956666666666666
Combined severe,estimated_weak_overlap_fraction,5,0.24633333333333335,0.013260216187277395,0.005930148958219067,0.25366666666666665,0.23166666666666666,0.25933333333333336,0.23173333333333332,0.2588666666666667
Combined severe,clipped_weight_ess,5,1399.8190773894628,110.01236703663658,49.199026211915296,1348.8073346624335,1281.334515008113,1525.5195390561887,1286.7094932013008,1523.8025552786285
Combined severe,trimmed_true_ate,5,0.12560894357862462,0.001682243460349752,0.0007523221464093034,0.1261787536646183,0.12339670780036345,0.12726009395309248,0.1234875958379287,0.1272244419876865
Combined severe,trimmed_estimated_aipw_ate,5,0.42123745286048486,0.006605241746884291,0.0029539539107705467,0.4236808440806022,0.41161267551046177,0.4279606805769601,0.4122068858285082,0.4277024410636115
Moderate hidden,true_ate,5,0.14362931585202945,0.0016401881086105677,0.0007335144213480075,0.1430729309405246,0.14197079414118483,0.14538730478067424,0.1420093972648487,0.1453844467046008
Moderate hidden,estimated_aipw_ate,5,0.23566481056551564,0.003567681548257316,0.0015955156927950109,0.23679761910871028,0.23074642396517864,0.23963220960648968,0.23100913930579897,0.23944641092342248
Moderate hidden,reference_aipw_ate,5,0.23830873537260705,0.0036537128995207057,0.0016339900827192313,0.23820360420677025,0.23316733213412918,0.24247270654814007,0.2335231298630399,0.242322908348402
Moderate hidden,analytic_identification_gap,5,0.0947685933716524,0.0009679818262927799,0.0004328946329150098,0.09496102163491299,0.09322286046017111,0.095768140095359,0.0933590681867857,0.0957219267799733
Moderate hidden,true_weak_overlap_fraction,5,0.0,0.0,0.0,0.0,0.0,0.0,0.0,0.0
Moderate hidden,estimated_weak_overlap_fraction,5,0.00013333333333333334,0.00029814239699997195,0.0001333333333333333,0.0,0.0,0.0006666666666666666,0.0,0.0006
Moderate hidden,clipped_weight_ess,5,2238.8405146992586,47.24393780325257,21.128131290568966,2237.3577555255315,2189.300171742447,2293.1872428698143,2189.8973061976703,2291.7771072892147
Moderate hidden,trimmed_true_ate,5,0.14364752478894788,0.0016329564948755109,0.0007302803453682859,0.14316397562511674,0.14197079414118483,0.14538730478067424,0.1420093972648487,0.1453844467046008
Moderate hidden,trimmed_estimated_aipw_ate,5,0.23570385614241193,0.0035974827945120017,0.0016088432152829486,0.23679761910871028,0.23074642396517864,0.23963220960648968,0.23100913930579897,0.23946593371187064
Moderate overlap,true_ate,5,0.1547293644047137,0.001783559449211346,0.0007976320340697306,0.15372016993016593,0.1531880909117132,0.15679236057726065,0.1532091820006205,0.15676784439989883
Moderate overlap,estimated_aipw_ate,5,0.1473197121727174,0.022676865723597252,0.010141402654919682,0.15389915855337208,0.1181709355648205,0.17173054804845606,0.11931082947257224,0.17088029764907048
Moderate overlap,reference_aipw_ate,5,0.15444254130941545,0.022989195115321187,0.010281080605172858,0.16440447991464108,0.12861771159997584,0.17784105775646508,0.12885876712529098,0.17708907102310537
Moderate overlap,analytic_identification_gap,5,-5.551115123125783e-18,1.2412670766236366e-17,5.551115123125783e-18,0.0,-2.7755575615628914e-17,0.0,-2.4980018054066023e-17,0.0
Moderate overlap,true_weak_overlap_fraction,5,0.14786666666666665,0.005102287068887185,0.0022818121453499793,0.147,0.14066666666666666,0.15466666666666667,0.14129999999999998,0.1542
Moderate overlap,estimated_weak_overlap_fraction,5,0.1258,0.009097008055155037,0.004068305680637964,0.127,0.11566666666666667,0.139,0.116,0.13793333333333335
Moderate overlap,clipped_weight_ess,5,1383.9795153453263,64.1244137410558,28.677309628464474,1357.3521108731543,1327.5389198982919,1475.3280365473456,1328.2003833481763,1470.3477283936813
Moderate overlap,trimmed_true_ate,5,0.16991672036732106,0.00192811603892813,0.0008622797063101858,0.17053468671199853,0.1679590294420531,0.17241139523120824,0.1679598334573755,0.17224139779369424
Moderate overlap,trimmed_estimated_aipw_ate,5,0.16803908937807174,0.020266575933706128,0.009063488291785634,0.1724764636691317,0.14760372847003722,0.19508098884493197,0.14765737318911087,0.19326229898498717
Severe hidden,true_ate,5,0.11510651074674738,0.0013953360199456064,0.0006240132384104757,0.11546234781728074,0.11333215034684638,0.11660312371183086,0.11339914608427033,0.11655609375431708
Severe hidden,estimated_aipw_ate,5,0.4270506415350487,0.0070562213163594106,0.003155638105532538,0.4288996709860943,0.41489559804485693,0.43259346917360425,0.4161770680100665,0.4324495394336174
Severe hidden,reference_aipw_ate,5,0.4280270954679068,0.006841230369657327,0.003059491231257959,0.4293576488882547,0.41693913954106504,0.43508180540467356,0.41797005113643304,0.43472448766528576
Severe hidden,analytic_identification_gap,5,0.3104578398099991,0.0026007609663183033,0.0011630956627831533,0.31086696060501434,0.30633785837664573,0.31326128040344825,0.3067045848487853,0.313116950019788
Severe hidden,true_weak_overlap_fraction,5,0.0,0.0,0.0,0.0,0.0,0.0,0.0,0.0
Severe hidden,estimated_weak_overlap_fraction,5,0.0,0.0,0.0,0.0,0.0,0.0,0.0,0.0
Severe hidden,clipped_weight_ess,5,2567.033126353588,45.48551946688088,20.341742703967128,2571.467193833957,2495.406067079798,2613.9175286706104,2501.6851675074226,2612.1435528863026
Severe hidden,trimmed_true_ate,5,0.11510651074674738,0.0013953360199456064,0.0006240132384104757,0.11546234781728074,0.11333215034684638,0.11660312371183086,0.11339914608427033,0.11655609375431708
Severe hidden,trimmed_estimated_aipw_ate,5,0.4270506415350487,0.0070562213163594106,0.003155638105532538,0.4288996709860943,0.41489559804485693,0.43259346917360425,0.4161770680100665,0.4324495394336174
Severe overlap,true_ate,5,0.1547293644047137,0.001783559449211346,0.0007976320340697306,0.15372016993016593,0.1531880909117132,0.15679236057726065,0.1532091820006205,0.15676784439989883
Severe overlap,estimated_aipw_ate,5,0.11031635523815053,0.010436136299880884,0.004667182037797357,0.10698751766723914,0.10137984569387644,0.12808214873175053,0.1017342913678564,0.12629473002499653
Severe overlap,reference_aipw_ate,5,0.16317078171553273,0.0196862295699319,0.008803949507806835,0.15829208368179454,0.1366257151735365,0.18742595718865898,0.1386194839403666,0.18637803643897669
Severe overlap,analytic_identification_gap,5,0.0,0.0,0.0,0.0,0.0,0.0,0.0,0.0
Severe overlap,true_weak_overlap_fraction,5,0.44286666666666663,0.004799305505313598,0.0021463146709340365,0.445,0.43666666666666665,0.448,0.43689999999999996,0.44776666666666665
Severe overlap,estimated_weak_overlap_fraction,5,0.35373333333333334,0.015435169077287245,0.0069028174602033966,0.3576666666666667,0.33766666666666667,0.37233333333333335,0.3377,0.3714
Severe overlap,clipped_weight_ess,5,1277.327891059234,48.96375818096584,21.897258345300212,1279.7850325403697,1222.8366615010893,1342.402051342592,1224.2464524452928,1338.6299601052324
Severe overlap,trimmed_true_ate,5,0.1785187243309437,0.0033060788070724263,0.0014785233903170714,0.17744420170962144,0.17459749155986048,0.18335357986693782,0.17485979775070826,0.1830160013852401
Severe overlap,trimmed_estimated_aipw_ate,5,0.15592042526224575,0.015521576052826854,0.006941459834410742,0.15199932923212764,0.13870710807418746,0.18080394242007863,0.13988191152794976,0.1784872085753732
