seed,model,true_ate,predicted_ate,ate_error,pehe,cate_mae,cate_correlation
42,S-learner,0.15372016993016593,0.09020040104596837,0.06351976888419757,0.09119697042528818,0.06954135470676805,0.7851293706924107
42,T-learner,0.15372016993016593,0.09228634046019125,0.06143382946997468,0.0972585877263018,0.07600167601719693,0.6837207740518628
42,DR-learner,0.15372016993016593,0.1471067247142558,0.0066134452159101464,0.08098557753242866,0.06294707164425936,0.7160122367201193
43,S-learner,0.15679236057726065,0.09986592317077751,0.056926437406483135,0.08473118299899805,0.06561102858910144,0.8228977420017026
43,T-learner,0.15679236057726065,0.0974207099893828,0.05937165058787784,0.09382596551041077,0.07411040462214796,0.7180680587374013
43,DR-learner,0.15679236057726065,0.1533920529698766,0.003400307607384051,0.08438213728619867,0.06521886377566892,0.7377271263399564
44,S-learner,0.15654719880364243,0.08947852204444287,0.06706867675919956,0.09161388931661255,0.07230519342750082,0.818218238631158
44,T-learner,0.15654719880364243,0.08546676387890373,0.0710804349247387,0.09889397854888737,0.08086510915759698,0.7584576493656355
44,DR-learner,0.15654719880364243,0.14218666751983108,0.014360531283811345,0.08017598590167017,0.06256940746507533,0.7755860861500085
45,S-learner,0.15318809091171318,0.11437223985834268,0.0388158510533705,0.06881469479689185,0.05151939809118962,0.83342959135255
45,T-learner,0.15318809091171318,0.09846510235839052,0.05472298855332265,0.08812906534891171,0.06979413741023946,0.7538910722749332
45,DR-learner,0.15318809091171318,0.15827634648369476,0.005088255571981587,0.07998739491700377,0.06310307489578726,0.7783361297649768
46,S-learner,0.15339900180078622,0.09743885247828911,0.05596014932249711,0.08140524370276891,0.06252196016461237,0.8153935398692641
46,T-learner,0.15339900180078622,0.0891132555023363,0.06428574629844992,0.09407094350616446,0.07463336977192368,0.7501427634802268
46,DR-learner,0.15339900180078622,0.1450931863602647,0.00830581544052153,0.08507680488443495,0.06676138366628019,0.7366862005077363
47,S-learner,0.15542817434544554,0.09328380036195921,0.06214437398348632,0.09103038691848234,0.06901260155940142,0.765216655793076
47,T-learner,0.15542817434544554,0.09317389280450548,0.06225428154094005,0.09799239118821562,0.07677041245106579,0.6982507491187033
47,DR-learner,0.15542817434544554,0.13997188731734378,0.015456287028101756,0.08767252441755238,0.06861567312060751,0.7266620027892992
48,S-learner,0.1580667537322867,0.09733620329424512,0.06073055043804158,0.08571140028483427,0.06717806812737981,0.8111839717923931
48,T-learner,0.1580667537322867,0.09492332812781683,0.06314342560446988,0.09743197434168471,0.07921680436432936,0.735791580667799
48,DR-learner,0.1580667537322867,0.157056130886864,0.0010106228454227206,0.08540031666537162,0.066960564873843,0.7507951941371965
49,S-learner,0.15325200893419902,0.11378522130882647,0.03946678762537255,0.06917401772124665,0.053023875043662676,0.8301569296442104
49,T-learner,0.15325200893419902,0.09357115656371258,0.05968085237048644,0.09019318067173784,0.07165857237256625,0.7674904302475276
49,DR-learner,0.15325200893419902,0.16368382949897173,0.01043182056477271,0.0833367242338789,0.0667178198793329,0.7757192384940397
50,S-learner,0.15576737142391853,0.10027159385916734,0.055495777564751186,0.08579561650108064,0.06551727224228648,0.7658089726481511
50,T-learner,0.15576737142391853,0.09426406478968119,0.06150330663423734,0.09798948015604776,0.07718865479575103,0.71660622208858
50,DR-learner,0.15576737142391853,0.14653374397565183,0.009233627448266696,0.09498489167516538,0.07492505438651495,0.7123753470031724
51,S-learner,0.15458024172842305,0.10138899397451416,0.05319124775390889,0.07614239578307336,0.059728880995295996,0.8577054055989746
51,T-learner,0.15458024172842305,0.09354355501937255,0.061036686709050506,0.08951455427037566,0.07160553112171548,0.7767661137147486
51,DR-learner,0.15458024172842305,0.15476728044647856,0.00018703871805550443,0.07985706098727102,0.06216360749127389,0.7621989199734954
